loja,operador,data de atendimento,inicio de atendimento,categoria,fim de atendimento,status,dependencia,turno
Loja Sul,Juliana Santos,2024-01-23,16:48,Reclamação,17:35,Em Aberto,SAC,Tarde
Loja Norte,Juliana Santos,2024-03-15,20:55,Suporte Técnico,21:38,Finalizado,TI,Noite
Noroeste,Amanda Costa,2024-02-07,11:13,Reclamação,11:24,Em Aberto,Comercial,Manhã
Express Sul,Beatriz Lima,2024-04-21,13:30,Troca,13:50,Em Aberto,Logística,Tarde
Nordeste,Felipe Oliveira,2024-04-16,08:38,Suporte Técnico,11:25,Em Aberto,TI,Tarde
Loja Matriz,Carlos Souza,2024-05-12,17:04,Reclamação,18:04,Em Aberto,Logística,Tarde
Express Oeste,Amanda Costa,2024-01-16,19:19,Reclamação,20:12,Cancelado,Comercial,Noite
Loja Matriz,Amanda Costa,2024-01-23,21:54,Reclamação,22:06,Cancelado,Logística,Noite
Loja Sul,Juliana Santos,2024-04-14,14:11,Troca,15:09,Cancelado,Logística,Tarde
Loja Matriz,Felipe Oliveira,2024-01-15,12:58,Troca,13:20,Em Aberto,Logística,Tarde
Centro-Oesto,Felipe Oliveira,2024-03-09,08:19,Financeiro,09:39,Em Aberto,Administrativo,Tarde
Loja Sul,Amanda Costa,2024-04-09,10:10,Suporte Técnico,12:58,Cancelado,TI,Tarde
Centro-Sul,Beatriz Lima,2024-04-19,08:02,Troca,08:37,Em Aberto,Logística,Tarde
Centro-Sul,Beatriz Lima,2024-03-04,18:44,Suporte Técnico,23:33,Cancelado,TI,Noite
Loja Matriz,Juliana Santos,2024-05-11,19:54,Reclamação,20:08,Em Aberto,Comercial,Noite
Loja Oeste,Juliana Santos,2024-05-02,18:35,Suporte Técnico,20:17,Finalizado,Logística,Noite
Nordeste,Amanda Costa,2024-01-31,09:55,Reclamação,12:37,Finalizado,Comercial,Manhã
Centro-Oesto,Amanda Costa,2024-04-27,20:11,Reclamação,21:54,Finalizado,Comercial,Noite
Loja Sul,Felipe Oliveira,2024-02-04,12:18,Suporte Técnico,12:41,Cancelado,TI,Tarde
Loja Oeste,Carlos Souza,2024-05-22,12:18,Reclamação,17:34,Em Aberto,SAC,Tarde
Centro-Oesto,Amanda Costa,2024-04-14,09:27,Suporte Técnico,18:07,Finalizado,TI,Manhã
Loja Norte,Juliana Santos,2024-01-23,16:08,Reclamação,16:37,Finalizado,Logística,Tarde
Loja Leste,Juliana Santos,2024-02-07,08:03,Suporte Técnico,08:54,Em Aberto,TI,Tarde
Noroeste,Felipe Oliveira,2024-02-27,13:21,Troca,17:57,Finalizado,Logística,Tarde
Loja Leste,Felipe Oliveira,2024-05-21,15:40,Suporte Técnico,18:07,Em Aberto,TI,Tarde
Loja Oeste,Amanda Costa,2024-05-06,17:34,Suporte Técnico,19:44,Finalizado,Logística,Tarde
Centro-Sul,Amanda Costa,2024-04-18,10:22,Reclamação,10:41,Cancelado,SAC,Manhã
Express Sul,Juliana Santos,2024-02-21,12:00,Suporte Técnico,12:35,Finalizado,Logística,Tarde
Noroeste,Ricardo Silva,2024-01-08,20:37,Reclamação,22:31,Finalizado,SAC,Noite
Loja Oeste,Juliana Santos,2024-01-24,13:56,Reclamação,17:12,Finalizado,Comercial,Tarde
Centro-Oesto,Felipe Oliveira,2024-04-05,20:17,Reclamação,23:58,Em Aberto,SAC,Noite
Loja Oeste,Beatriz Lima,2024-03-22,13:40,Suporte Técnico,14:14,Cancelado,Logística,Tarde
Loja Leste,Carlos Souza,2024-04-04,10:02,Reclamação,14:20,Finalizado,Comercial,Manhã
Centro-Sul,Juliana Santos,2024-02-08,09:31,Reclamação,09:50,Cancelado,Comercial,Tarde
Centro-Oesto,Ricardo Silva,2024-03-08,17:50,Financeiro,18:34,Finalizado,Administrativo,Tarde
Nordeste,Ricardo Silva,2024-05-11,13:53,Reclamação,18:38,Finalizado,SAC,Tarde
Loja Norte,Juliana Santos,2024-03-31,21:12,Suporte Técnico,23:04,Cancelado,TI,Noite
Centro-Oesto,Juliana Santos,2024-01-01,13:21,Reclamação,13:32,Cancelado,SAC,Tarde
Loja Norte,Beatriz Lima,2024-01-31,18:34,Reclamação,19:44,Em Aberto,SAC,Noite
Express Oeste,Juliana Santos,2024-03-24,14:08,Reclamação,15:05,Cancelado,Comercial,Tarde
Express Oeste,Ricardo Silva,2024-05-30,12:15,Reclamação,16:06,Cancelado,SAC,Tarde
Express Sul,Juliana Santos,2024-04-21,14:28,Reclamação,18:45,Cancelado,SAC,Tarde
Express Oeste,Felipe Oliveira,2024-02-13,13:46,Reclamação,16:56,Cancelado,SAC,Tarde
Loja Sul,Carlos Souza,2024-02-22,20:42,Reclamação,22:37,Em Aberto,SAC,Noite
Sul ao Norte,Carlos Souza,2024-01-05,09:49,Suporte Técnico,15:40,Em Aberto,Logística,Manhã
Loja Leste,Juliana Santos,2024-05-22,09:21,Suporte Técnico,14:41,Finalizado,TI,Tarde
Sul ao Norte,Carlos Souza,2024-05-14,21:06,Suporte Técnico,22:00,Em Aberto,Administrativo,Noite
Loja Leste,Amanda Costa,2024-05-15,16:38,Reclamação,17:16,Cancelado,SAC,Tarde
Sul ao Norte,Felipe Oliveira,2024-04-07,14:14,Suporte Técnico,20:04,Cancelado,TI,Tarde
Express Oeste,Juliana Santos,2024-04-28,15:12,Financeiro,17:10,Finalizado,Administrativo,Tarde
Loja Leste,Juliana Santos,2024-03-30,16:19,Troca,16:50,Cancelado,Logística,Tarde
Express Oeste,Beatriz Lima,2024-05-08,15:15,Suporte Técnico,16:15,Finalizado,TI,Tarde
Centro-Oesto,Ricardo Silva,2024-03-29,09:49,Suporte Técnico,14:19,Cancelado,TI,Tarde
Loja Oeste,Juliana Santos,2024-01-28,19:06,Financeiro,19:50,Finalizado,Administrativo,Noite
Noroeste,Juliana Santos,2024-04-21,17:38,Suporte Técnico,18:19,Finalizado,TI,Tarde
Sul ao Norte,Carlos Souza,2024-02-22,09:44,Troca,10:05,Cancelado,Logística,Manhã
Loja Leste,Amanda Costa,2024-05-07,17:53,Troca,18:08,Cancelado,Logística,Tarde
Loja Norte,Amanda Costa,2024-05-01,14:57,Financeiro,15:52,Finalizado,Administrativo,Tarde
Loja Matriz,Ricardo Silva,2024-04-04,10:41,Suporte Técnico,11:34,Finalizado,TI,Tarde
Express Oeste,Ricardo Silva,2024-04-20,12:05,Vendas,12:37,Finalizado,Comercial,Tarde
Centro-Oesto,Felipe Oliveira,2024-02-03,18:51,Suporte Técnico,22:46,Finalizado,Logística,Noite
Centro-Oesto,Juliana Santos,2024-01-03,08:06,Suporte Técnico,09:01,Finalizado,TI,Manhã
Loja Sul,Beatriz Lima,2024-03-08,18:18,Reclamação,18:32,Cancelado,SAC,Noite
Express Oeste,Amanda Costa,2024-02-07,15:37,Financeiro,15:49,Cancelado,Administrativo,Tarde
Loja Oeste,Beatriz Lima,2024-02-09,16:29,Financeiro,17:05,Em Aberto,Administrativo,Tarde
Loja Sul,Beatriz Lima,2024-02-19,10:25,Suporte Técnico,11:23,Cancelado,TI,Tarde
Express Sul,Felipe Oliveira,2024-04-29,11:42,Vendas,12:26,Finalizado,Comercial,Tarde
Express Oeste,Juliana Santos,2024-01-09,10:26,Suporte Técnico,14:04,Cancelado,TI,Tarde
Loja Matriz,Amanda Costa,2024-05-14,21:04,Troca,21:26,Em Aberto,Logística,Noite
Nordeste,Felipe Oliveira,2024-05-20,09:46,Reclamação,10:46,Em Aberto,SAC,Manhã
Loja Sul,Felipe Oliveira,2024-04-07,15:18,Suporte Técnico,16:34,Em Aberto,TI,Tarde
Loja Matriz,Juliana Santos,2024-04-15,21:04,Troca,21:19,Em Aberto,Logística,Noite
Loja Sul,Felipe Oliveira,2024-05-16,11:23,Troca,11:39,Em Aberto,Logística,Tarde
Loja Matriz,Juliana Santos,2024-05-28,08:17,Troca,08:57,Em Aberto,Logística,Tarde
Loja Norte,Felipe Oliveira,2024-04-05,17:11,Vendas,18:00,Finalizado,Comercial,Tarde
Centro-Oesto,Juliana Santos,2024-04-05,08:24,Troca,08:49,Em Aberto,Logística,Tarde
Loja Oeste,Felipe Oliveira,2024-04-14,20:34,Financeiro,21:01,Finalizado,Administrativo,Noite
Loja Norte,Ricardo Silva,2024-03-01,19:36,Vendas,20:26,Finalizado,Comercial,Noite
Sul ao Norte,Felipe Oliveira,2024-04-17,17:58,Vendas,18:44,Em Aberto,Comercial,Tarde
Express Oeste,Amanda Costa,2024-04-07,21:01,Reclamação,21:39,Finalizado,SAC,Noite
Noroeste,Felipe Oliveira,2024-05-15,16:53,Suporte Técnico,17:09,Finalizado,TI,Tarde
Loja Leste,Amanda Costa,2024-04-28,20:54,Troca,21:52,Em Aberto,Logística,Noite
Loja Sul,Amanda Costa,2024-01-29,15:31,Vendas,16:04,Finalizado,Comercial,Tarde
Sul ao Norte,Juliana Santos,2024-01-24,19:41,Reclamação,20:02,Finalizado,SAC,Noite
Express Sul,Juliana Santos,2024-03-09,20:48,Troca,23:24,Cancelado,Logística,Noite
Sul ao Norte,Amanda Costa,2024-05-11,10:29,Vendas,15:06,Cancelado,Comercial,Manhã
Express Sul,Beatriz Lima,2024-02-22,14:07,Financeiro,14:20,Em Aberto,Administrativo,Tarde
Nordeste,Amanda Costa,2024-05-08,14:49,Suporte Técnico,15:15,Em Aberto,TI,Tarde
Loja Sul,Amanda Costa,2024-03-17,21:27,Financeiro,21:58,Cancelado,Administrativo,Noite
Noroeste,Juliana Santos,2024-03-01,10:38,Troca,11:30,Em Aberto,Logística,Manhã
Express Sul,Juliana Santos,2024-03-10,13:37,Financeiro,14:07,Cancelado,Administrativo,Tarde
Express Sul,Amanda Costa,2024-02-10,12:08,Financeiro,12:36,Em Aberto,Administrativo,Tarde
Express Sul,Ricardo Silva,2024-04-14,09:35,Troca,10:33,Cancelado,Logística,Manhã
Nordeste,Juliana Santos,2024-01-22,20:48,Vendas,21:16,Finalizado,Comercial,Noite
Noroeste,Felipe Oliveira,2024-03-25,08:57,Financeiro,09:46,Em Aberto,Administrativo,Tarde
Sul ao Norte,Juliana Santos,2024-01-01,16:32,Financeiro,16:47,Em Aberto,Administrativo,Tarde
Noroeste,Amanda Costa,2024-04-06,13:25,Troca,13:50,Cancelado,Logística,Tarde
Express Oeste,Beatriz Lima,2024-02-01,17:20,Troca,18:02,Finalizado,Logística,Tarde
Nordeste,Juliana Santos,2024-02-14,11:23,Troca,11:48,Em Aberto,Logística,Manhã
Loja Oeste,Beatriz Lima,2024-04-02,11:36,Vendas,12:16,Cancelado,Comercial,Manhã
Centro-Sul,Carlos Souza,2024-02-02,14:06,Suporte Técnico,14:46,Em Aberto,TI,Tarde
Loja Leste,Amanda Costa,2024-05-03,13:53,Troca,14:35,Em Aberto,Logística,Tarde
Loja Norte,Carlos Souza,2024-02-27,10:36,Vendas,11:23,Finalizado,Comercial,Manhã
Express Sul,Felipe Oliveira,2024-05-16,16:17,Suporte Técnico,16:54,Cancelado,TI,Tarde
Express Sul,Felipe Oliveira,2024-04-17,08:37,Troca,09:12,Cancelado,Logística,Manhã
Centro-Sul,Ricardo Silva,2024-02-04,09:37,Reclamação,10:12,Cancelado,SAC,Manhã
Loja Sul,Juliana Santos,2024-04-14,12:45,Suporte Técnico,13:29,Finalizado,TI,Tarde
Centro-Sul,Juliana Santos,2024-05-23,16:28,Vendas,16:59,Em Aberto,Comercial,Tarde
Noroeste,Amanda Costa,2024-03-16,13:45,Financeiro,14:40,Cancelado,Administrativo,Tarde
Nordeste,Ricardo Silva,2024-04-02,11:08,Vendas,11:37,Cancelado,Comercial,Manhã
Express Oeste,Carlos Souza,2024-01-07,21:12,Troca,21:24,Finalizado,Logística,Noite
Noroeste,Carlos Souza,2024-04-27,09:08,Vendas,09:24,Cancelado,Comercial,Manhã
Nordeste,Ricardo Silva,2024-02-06,14:01,Vendas,14:14,Cancelado,Comercial,Tarde
Loja Oeste,Amanda Costa,2024-02-10,10:22,Vendas,11:19,Finalizado,Comercial,Manhã
Express Oeste,Amanda Costa,2024-01-13,08:02,Vendas,09:02,Finalizado,Comercial,Manhã
Loja Norte,Beatriz Lima,2024-01-13,13:03,Troca,13:46,Finalizado,Logística,Tarde
Sul ao Norte,Juliana Santos,2024-05-30,19:06,Financeiro,19:38,Em Aberto,Administrativo,Noite
Loja Leste,Ricardo Silva,2024-04-10,17:36,Troca,18:05,Cancelado,Logística,Tarde
Loja Norte,Ricardo Silva,2024-05-12,19:24,Financeiro,19:44,Em Aberto,Administrativo,Noite
Express Oeste,Juliana Santos,2024-05-16,15:05,Vendas,15:57,Cancelado,Comercial,Tarde
Nordeste,Carlos Souza,2024-01-16,15:21,Financeiro,16:17,Em Aberto,Administrativo,Tarde
Centro-Sul,Beatriz Lima,2024-05-14,19:23,Suporte Técnico,20:03,Finalizado,TI,Noite
Express Sul,Carlos Souza,2024-01-15,19:22,Reclamação,19:52,Cancelado,SAC,Tarde
Loja Sul,Beatriz Lima,2024-03-10,15:20,Troca,16:03,Cancelado,Logística,Tarde
Express Oeste,Amanda Costa,2024-05-14,14:20,Financeiro,14:50,Em Aberto,Administrativo,Tarde
Express Oeste,Amanda Costa,2024-02-20,17:38,Suporte Técnico,17:48,Em Aberto,TI,Tarde
Centro-Oesto,Felipe Oliveira,2024-02-04,16:14,Suporte Técnico,16:38,Cancelado,TI,Tarde
Centro-Oesto,Felipe Oliveira,2024-04-16,10:23,Suporte Técnico,11:03,Finalizado,TI,Manhã
Loja Oeste,Juliana Santos,2024-05-17,21:17,Financeiro,22:01,Cancelado,Administrativo,Tarde
Nordeste,Beatriz Lima,2024-05-18,19:47,Reclamação,20:15,Finalizado,SAC,Noite
Loja Oeste,Amanda Costa,2024-02-01,19:11,Financeiro,19:37,Cancelado,Administrativo,Noite
Express Oeste,Felipe Oliveira,2024-05-09,10:39,Suporte Técnico,11:31,Em Aberto,TI,Manhã
Nordeste,Carlos Souza,2024-05-14,11:18,Vendas,11:45,Cancelado,Comercial,Manhã
Express Sul,Ricardo Silva,2024-02-19,12:55,Suporte Técnico,13:37,Finalizado,TI,Tarde
Nordeste,Amanda Costa,2024-03-11,17:22,Reclamação,17:45,Cancelado,SAC,Tarde
Centro-Oesto,Ricardo Silva,2024-03-20,12:10,Troca,12:42,Finalizado,Logística,Tarde
Sul ao Norte,Ricardo Silva,2024-01-10,10:31,Suporte Técnico,10:55,Cancelado,TI,Manhã
Loja Norte,Carlos Souza,2024-04-24,12:50,Vendas,13:34,Em Aberto,Comercial,Tarde
Express Sul,Beatriz Lima,2024-05-22,09:21,Reclamação,09:58,Cancelado,SAC,Manhã
Express Sul,Beatriz Lima,2024-03-21,11:03,Suporte Técnico,11:25,Finalizado,TI,Manhã
Loja Matriz,Felipe Oliveira,2024-01-11,18:20,Reclamação,18:36,Em Aberto,SAC,Noite
Sul ao Norte,Felipe Oliveira,2024-03-28,21:23,Vendas,22:21,Finalizado,Comercial,Noite
Nordeste,Juliana Santos,2024-05-04,09:23,Troca,10:12,Em Aberto,Logística,Manhã
Loja Sul,Amanda Costa,2024-05-25,08:15,Reclamação,08:54,Cancelado,SAC,Manhã
Noroeste,Carlos Souza,2024-05-09,12:19,Reclamação,13:09,Em Aberto,SAC,Tarde
Express Oeste,Felipe Oliveira,2024-01-15,17:03,Vendas,17:19,Finalizado,Comercial,Tarde
Loja Leste,Amanda Costa,2024-02-07,18:43,Reclamação,18:56,Finalizado,SAC,Noite
Loja Sul,Felipe Oliveira,2024-03-15,20:43,Reclamação,21:18,Finalizado,SAC,Noite
Express Sul,Ricardo Silva,2024-05-23,16:04,Vendas,16:18,Finalizado,Comercial,Tarde
Noroeste,Amanda Costa,2024-03-19,11:27,Reclamação,12:20,Finalizado,SAC,Manhã
Sul ao Norte,Ricardo Silva,2024-02-23,13:27,Vendas,14:18,Em Aberto,Comercial,Tarde
Express Oeste,Amanda Costa,2024-03-09,11:26,Troca,12:24,Cancelado,Logística,Manhã
Centro-Oesto,Carlos Souza,2024-04-22,15:16,Suporte Técnico,15:44,Finalizado,TI,Tarde
Noroeste,Beatriz Lima,2024-05-20,12:26,Vendas,13:01,Cancelado,Comercial,Tarde
Centro-Oesto,Carlos Souza,2024-04-02,14:58,Financeiro,15:40,Em Aberto,Administrativo,Tarde
Loja Norte,Felipe Oliveira,2024-04-14,18:29,Financeiro,18:44,Em Aberto,Administrativo,Noite
Nordeste,Ricardo Silva,2024-02-29,09:46,Troca,10:00,Em Aberto,Logística,Manhã
Express Sul,Amanda Costa,2024-04-01,10:10,Financeiro,10:30,Finalizado,Administrativo,Manhã
Loja Sul,Beatriz Lima,2024-02-15,10:42,Reclamação,11:00,Finalizado,SAC,Manhã
Loja Leste,Carlos Souza,2024-02-16,16:21,Troca,16:58,Finalizado,Logística,Tarde
Loja Norte,Ricardo Silva,2024-05-24,13:21,Troca,13:39,Cancelado,Logística,Tarde
Noroeste,Amanda Costa,2024-04-13,08:16,Financeiro,08:53,Em Aberto,Administrativo,Manhã
Centro-Sul,Amanda Costa,2024-05-15,16:51,Vendas,17:24,Cancelado,Comercial,Tarde
Loja Matriz,Amanda Costa,2024-05-24,21:49,Suporte Técnico,22:20,Cancelado,TI,Noite
Centro-Oesto,Amanda Costa,2024-03-06,12:53,Financeiro,13:37,Finalizado,Administrativo,Tarde
Loja Leste,Amanda Costa,2024-01-03,15:02,Troca,15:19,Em Aberto,Logística,Tarde
Loja Norte,Amanda Costa,2024-02-28,09:09,Suporte Técnico,09:38,Cancelado,TI,Manhã
Loja Leste,Ricardo Silva,2024-01-04,20:52,Reclamação,21:19,Em Aberto,SAC,Noite
Loja Sul,Carlos Souza,2024-05-16,10:01,Financeiro,10:53,Em Aberto,Administrativo,Manhã
Centro-Oesto,Felipe Oliveira,2024-05-08,21:35,Suporte Técnico,22:00,Finalizado,TI,Noite
Loja Oeste,Beatriz Lima,2024-01-22,17:32,Troca,18:22,Em Aberto,Logística,Tarde
Loja Norte,Carlos Souza,2024-02-06,20:21,Suporte Técnico,21:15,Em Aberto,TI,Noite
Loja Leste,Ricardo Silva,2024-01-29,17:33,Financeiro,18:19,Cancelado,Administrativo,Tarde
Loja Leste,Felipe Oliveira,2024-04-02,08:56,Suporte Técnico,09:09,Finalizado,TI,Manhã
Noroeste,Juliana Santos,2024-03-02,08:09,Vendas,08:53,Em Aberto,Comercial,Manhã
Loja Matriz,Felipe Oliveira,2024-04-17,17:01,Vendas,17:38,Finalizado,Comercial,Tarde
Loja Oeste,Amanda Costa,2024-01-07,21:51,Troca,22:17,Cancelado,Logística,Noite
Loja Sul,Beatriz Lima,2024-01-19,11:59,Reclamação,12:19,Finalizado,SAC,Manhã
Noroeste,Amanda Costa,2024-04-25,11:43,Suporte Técnico,12:39,Cancelado,TI,Manhã
Centro-Oesto,Amanda Costa,2024-05-30,21:54,Reclamação,22:45,Cancelado,SAC,Noite
Noroeste,Juliana Santos,2024-04-27,12:15,Reclamação,12:56,Cancelado,SAC,Tarde
Sul ao Norte,Juliana Santos,2024-05-15,21:15,Reclamação,21:59,Finalizado,SAC,Noite
Noroeste,Felipe Oliveira,2024-05-03,10:34,Financeiro,11:28,Em Aberto,Administrativo,Manhã
Express Sul,Ricardo Silva,2024-02-27,11:21,Suporte Técnico,11:56,Cancelado,TI,Manhã
Centro-Oesto,Beatriz Lima,2024-05-21,20:07,Reclamação,21:06,Cancelado,SAC,Tarde
Centro-Sul,Carlos Souza,2024-02-15,17:39,Suporte Técnico,18:15,Em Aberto,TI,Tarde
Loja Norte,Amanda Costa,2024-05-06,19:35,Troca,20:29,Finalizado,Logística,Noite
Nordeste,Carlos Souza,2024-04-13,09:52,Financeiro,10:32,Cancelado,Administrativo,Manhã
Noroeste,Beatriz Lima,2024-05-09,18:29,Reclamação,18:58,Em Aberto,SAC,Tarde
Nordeste,Ricardo Silva,2024-05-02,15:58,Vendas,16:20,Em Aberto,Comercial,Tarde
Sul ao Norte,Beatriz Lima,2024-05-30,15:38,Financeiro,16:05,Cancelado,Administrativo,Tarde
Loja Matriz,Felipe Oliveira,2024-03-20,12:04,Troca,12:14,Finalizado,Logística,Tarde
Loja Sul,Amanda Costa,2024-01-21,18:01,Financeiro,18:44,Finalizado,Administrativo,Tarde
Loja Norte,Ricardo Silva,2024-05-12,11:45,Financeiro,12:25,Cancelado,Administrativo,Manhã
Express Sul,Amanda Costa,2024-03-28,19:40,Suporte Técnico,20:32,Em Aberto,TI,Noite
Nordeste,Beatriz Lima,2024-05-18,17:32,Suporte Técnico,17:57,Em Aberto,TI,Tarde
Noroeste,Beatriz Lima,2024-05-20,19:19,Financeiro,20:07,Finalizado,Administrativo,Noite
Loja Leste,Ricardo Silva,2024-02-29,13:06,Financeiro,13:19,Cancelado,Administrativo,Tarde
Express Oeste,Beatriz Lima,2024-04-23,18:56,Troca,19:09,Cancelado,Logística,Noite
Loja Matriz,Felipe Oliveira,2024-04-10,10:58,Financeiro,11:53,Em Aberto,Administrativo,Manhã
Loja Sul,Carlos Souza,2024-02-17,16:11,Vendas,16:58,Em Aberto,Comercial,Tarde
Nordeste,Felipe Oliveira,2024-03-18,13:30,Vendas,13:50,Cancelado,Comercial,Tarde
Loja Sul,Juliana Santos,2024-02-10,08:55,Suporte Técnico,09:18,Em Aberto,TI,Manhã
Sul ao Norte,Amanda Costa,2024-03-25,09:30,Suporte Técnico,09:47,Em Aberto,TI,Manhã
Centro-Oesto,Juliana Santos,2024-03-30,19:30,Financeiro,19:54,Finalizado,Administrativo,Noite
Loja Leste,Juliana Santos,2024-04-06,12:43,Troca,13:14,Cancelado,Logística,Tarde
Loja Matriz,Carlos Souza,2024-02-05,21:36,Troca,22:29,Em Aberto,Logística,Noite
Nordeste,Beatriz Lima,2024-04-29,13:43,Troca,14:42,Cancelado,Logística,Tarde
Express Sul,Ricardo Silva,2024-03-14,12:57,Vendas,13:36,Em Aberto,Comercial,Tarde
Loja Norte,Amanda Costa,2024-05-11,20:05,Suporte Técnico,20:29,Cancelado,TI,Noite
Noroeste,Beatriz Lima,2024-01-06,13:43,Financeiro,14:33,Em Aberto,Administrativo,Tarde
Loja Norte,Ricardo Silva,2024-04-02,18:17,Reclamação,19:09,Cancelado,SAC,Tarde
Noroeste,Juliana Santos,2024-03-31,20:37,Troca,21:10,Finalizado,Logística,Noite
Loja Sul,Carlos Souza,2024-04-26,13:34,Suporte Técnico,13:56,Finalizado,TI,Tarde
Loja Matriz,Juliana Santos,2024-02-09,17:45,Vendas,17:55,Finalizado,Comercial,Tarde
Centro-Sul,Carlos Souza,2024-02-23,20:08,Financeiro,20:55,Finalizado,Administrativo,Tarde
Loja Sul,Amanda Costa,2024-01-11,19:00,Financeiro,19:41,Cancelado,Administrativo,Tarde
Loja Matriz,Juliana Santos,2024-05-02,10:48,Reclamação,11:45,Em Aberto,SAC,Manhã
Loja Oeste,Felipe Oliveira,2024-04-14,13:27,Troca,14:07,Em Aberto,Logística,Tarde
Loja Matriz,Beatriz Lima,2024-03-08,13:39,Vendas,14:33,Em Aberto,Comercial,Tarde
Express Oeste,Beatriz Lima,2024-03-24,17:39,Vendas,18:24,Finalizado,Comercial,Tarde
Sul ao Norte,Juliana Santos,2024-02-26,16:28,Reclamação,16:59,Finalizado,SAC,Tarde
Loja Sul,Felipe Oliveira,2024-03-15,19:47,Vendas,20:47,Em Aberto,Comercial,Noite
Express Oeste,Carlos Souza,2024-04-30,20:16,Suporte Técnico,20:48,Em Aberto,TI,Noite
Centro-Oesto,Beatriz Lima,2024-04-03,09:49,Suporte Técnico,10:40,Finalizado,TI,Manhã
Noroeste,Carlos Souza,2024-02-28,20:19,Financeiro,20:59,Em Aberto,Administrativo,Noite
Sul ao Norte,Carlos Souza,2024-04-07,10:14,Vendas,10:47,Finalizado,Comercial,Manhã
Loja Leste,Felipe Oliveira,2024-04-07,17:30,Financeiro,18:15,Em Aberto,Administrativo,Tarde
Loja Oeste,Ricardo Silva,2024-04-07,13:38,Vendas,13:50,Cancelado,Comercial,Tarde
Loja Matriz,Beatriz Lima,2024-05-24,08:38,Financeiro,09:19,Em Aberto,Administrativo,Manhã
Loja Norte,Felipe Oliveira,2024-02-19,14:09,Troca,14:33,Em Aberto,Logística,Tarde
Loja Leste,Felipe Oliveira,2024-03-06,11:27,Financeiro,11:40,Cancelado,Administrativo,Manhã
Noroeste,Felipe Oliveira,2024-01-25,08:07,Suporte Técnico,08:43,Em Aberto,TI,Manhã
Noroeste,Felipe Oliveira,2024-02-15,10:01,Suporte Técnico,10:42,Finalizado,TI,Manhã
Noroeste,Juliana Santos,2024-03-04,15:36,Reclamação,16:06,Cancelado,SAC,Tarde
Centro-Sul,Amanda Costa,2024-02-20,13:34,Vendas,14:20,Finalizado,Comercial,Tarde
Noroeste,Beatriz Lima,2024-04-03,12:13,Troca,12:38,Finalizado,Logística,Tarde
Loja Oeste,Amanda Costa,2024-05-01,09:12,Reclamação,09:29,Em Aberto,SAC,Manhã
Centro-Sul,Carlos Souza,2024-02-06,12:43,Vendas,12:58,Cancelado,Comercial,Tarde
Nordeste,Carlos Souza,2024-04-08,17:25,Financeiro,18:21,Em Aberto,Administrativo,Tarde
Loja Sul,Beatriz Lima,2024-03-12,10:19,Vendas,10:52,Cancelado,Comercial,Manhã
Loja Leste,Amanda Costa,2024-01-25,13:23,Reclamação,13:54,Em Aberto,SAC,Tarde
Centro-Oesto,Carlos Souza,2024-04-18,21:57,Financeiro,22:57,Finalizado,Administrativo,Noite
Nordeste,Amanda Costa,2024-04-18,18:48,Financeiro,19:27,Finalizado,Administrativo,Noite
Noroeste,Ricardo Silva,2024-04-02,08:16,Financeiro,09:04,Finalizado,Administrativo,Manhã
Centro-Sul,Amanda Costa,2024-04-10,09:24,Suporte Técnico,10:04,Finalizado,TI,Manhã
Express Sul,Felipe Oliveira,2024-04-01,15:23,Vendas,16:15,Cancelado,Comercial,Tarde
Centro-Oesto,Juliana Santos,2024-02-05,09:25,Troca,09:41,Finalizado,Logística,Manhã
Loja Oeste,Beatriz Lima,2024-05-30,09:52,Financeiro,10:10,Cancelado,Administrativo,Manhã
Centro-Sul,Juliana Santos,2024-03-22,21:04,Financeiro,21:20,Finalizado,Administrativo,Noite
Sul ao Norte,Carlos Souza,2024-03-03,10:17,Suporte Técnico,11:01,Finalizado,TI,Manhã
Express Sul,Felipe Oliveira,2024-01-15,20:53,Suporte Técnico,21:46,Finalizado,TI,Noite
Centro-Sul,Felipe Oliveira,2024-05-13,18:35,Financeiro,18:51,Finalizado,Administrativo,Noite
Loja Matriz,Juliana Santos,2024-01-02,17:28,Reclamação,18:08,Cancelado,SAC,Tarde
Centro-Oesto,Ricardo Silva,2024-01-06,09:26,Suporte Técnico,10:18,Cancelado,TI,Manhã
Centro-Oesto,Juliana Santos,2024-03-11,19:36,Reclamação,20:24,Em Aberto,SAC,Noite
Loja Matriz,Amanda Costa,2024-01-25,15:08,Financeiro,15:53,Cancelado,Administrativo,Tarde
Centro-Oesto,Felipe Oliveira,2024-04-11,21:05,Vendas,21:57,Finalizado,Comercial,Noite
Centro-Sul,Beatriz Lima,2024-01-28,17:24,Financeiro,17:47,Em Aberto,Administrativo,Tarde
Centro-Oesto,Amanda Costa,2024-01-01,12:45,Troca,13:45,Em Aberto,Logística,Tarde
Sul ao Norte,Juliana Santos,2024-03-03,11:23,Reclamação,11:34,Finalizado,SAC,Manhã
Express Sul,Juliana Santos,2024-05-13,14:48,Vendas,15:22,Em Aberto,Comercial,Tarde
Nordeste,Felipe Oliveira,2024-04-17,16:38,Vendas,17:36,Finalizado,Comercial,Tarde
Loja Sul,Carlos Souza,2024-04-16,14:57,Vendas,15:30,Em Aberto,Comercial,Tarde
Sul ao Norte,Beatriz Lima,2024-03-08,11:39,Financeiro,12:39,Finalizado,Administrativo,Manhã
Nordeste,Juliana Santos,2024-03-29,10:15,Suporte Técnico,10:54,Cancelado,TI,Manhã
Centro-Sul,Felipe Oliveira,2024-03-14,13:09,Financeiro,13:44,Em Aberto,Administrativo,Tarde
Loja Matriz,Carlos Souza,2024-05-26,15:54,Reclamação,16:39,Em Aberto,SAC,Tarde
Centro-Sul,Amanda Costa,2024-02-24,21:34,Vendas,21:52,Cancelado,Comercial,Noite
Loja Sul,Amanda Costa,2024-04-27,18:04,Reclamação,18:52,Em Aberto,SAC,Noite
Loja Oeste,Felipe Oliveira,2024-03-05,16:38,Financeiro,16:57,Finalizado,Administrativo,Tarde
Centro-Sul,Ricardo Silva,2024-05-08,18:12,Troca,18:40,Finalizado,Logística,Noite
Loja Sul,Juliana Santos,2024-02-13,14:01,Reclamação,14:58,Finalizado,SAC,Tarde
Express Oeste,Carlos Souza,2024-05-05,18:09,Suporte Técnico,18:48,Em Aberto,TI,Noite
Noroeste,Beatriz Lima,2024-05-19,11:10,Troca,11:29,Finalizado,Logística,Manhã
Express Oeste,Carlos Souza,2024-04-02,18:27,Vendas,18:58,Em Aberto,Comercial,Noite
Centro-Sul,Beatriz Lima,2024-05-17,14:50,Suporte Técnico,15:27,Em Aberto,TI,Tarde
Nordeste,Ricardo Silva,2024-02-28,19:21,Reclamação,20:10,Cancelado,SAC,Noite
Loja Matriz,Carlos Souza,2024-03-25,10:51,Troca,11:07,Finalizado,Logística,Manhã
Loja Norte,Amanda Costa,2024-05-25,11:41,Reclamação,11:57,Em Aberto,SAC,Manhã
Loja Norte,Felipe Oliveira,2024-04-20,18:59,Vendas,19:39,Em Aberto,Comercial,Noite
Loja Sul,Felipe Oliveira,2024-03-03,18:35,Vendas,18:57,Em Aberto,Comercial,Noite
Express Oeste,Felipe Oliveira,2024-05-30,21:17,Troca,22:13,Em Aberto,Logística,Noite
Sul ao Norte,Juliana Santos,2024-02-02,19:53,Suporte Técnico,20:13,Cancelado,TI,Noite
Loja Matriz,Ricardo Silva,2024-03-07,17:45,Vendas,18:11,Finalizado,Comercial,Tarde
Express Oeste,Ricardo Silva,2024-03-09,15:59,Reclamação,16:31,Em Aberto,SAC,Tarde
Express Oeste,Beatriz Lima,2024-04-27,08:02,Reclamação,08:29,Finalizado,SAC,Manhã
Centro-Sul,Carlos Souza,2024-03-12,19:08,Troca,19:59,Em Aberto,Logística,Noite
Centro-Oesto,Juliana Santos,2024-03-16,10:30,Financeiro,11:14,Cancelado,Administrativo,Manhã
Centro-Sul,Ricardo Silva,2024-03-20,18:14,Suporte Técnico,18:42,Cancelado,TI,Noite
Centro-Oesto,Juliana Santos,2024-03-19,12:40,Reclamação,13:20,Cancelado,SAC,Tarde
Centro-Sul,Carlos Souza,2024-05-02,21:13,Vendas,21:57,Em Aberto,Comercial,Noite
Express Oeste,Beatriz Lima,2024-02-16,08:25,Troca,08:38,Finalizado,Logística,Manhã
Noroeste,Ricardo Silva,2024-02-06,08:03,Financeiro,08:47,Cancelado,Administrativo,Manhã
Express Sul,Juliana Santos,2024-02-16,08:10,Financeiro,08:55,Finalizado,Administrativo,Manhã
Loja Norte,Beatriz Lima,2024-03-30,13:23,Troca,13:41,Finalizado,Logística,Tarde
Express Oeste,Felipe Oliveira,2024-01-06,19:22,Reclamação,19:44,Em Aberto,SAC,Noite
Sul ao Norte,Felipe Oliveira,2024-05-28,10:16,Troca,10:48,Em Aberto,Logística,Manhã
Loja Sul,Ricardo Silva,2024-04-21,19:14,Financeiro,20:06,Em Aberto,Administrativo,Noite
Sul ao Norte,Amanda Costa,2024-04-17,09:09,Troca,09:30,Finalizado,Logística,Manhã
Loja Leste,Juliana Santos,2024-04-09,18:22,Suporte Técnico,18:48,Cancelado,TI,Noite
Sul ao Norte,Juliana Santos,2024-02-07,21:18,Reclamação,21:47,Em Aberto,SAC,Noite
Centro-Sul,Juliana Santos,2024-02-04,14:59,Troca,15:10,Cancelado,Logística,Tarde
Loja Norte,Felipe Oliveira,2024-05-10,19:10,Troca,19:59,Em Aberto,Logística,Noite
Noroeste,Ricardo Silva,2024-01-17,16:57,Vendas,17:08,Em Aberto,Comercial,Tarde
Loja Sul,Beatriz Lima,2024-04-14,11:28,Troca,12:10,Em Aberto,Logística,Manhã
Centro-Oesto,Juliana Santos,2024-01-30,14:29,Financeiro,14:59,Finalizado,Administrativo,Tarde
Sul ao Norte,Felipe Oliveira,2024-02-17,12:27,Reclamação,12:55,Em Aberto,SAC,Tarde
Loja Leste,Amanda Costa,2024-05-17,09:14,Troca,09:41,Em Aberto,Logística,Manhã
Express Sul,Juliana Santos,2024-04-09,11:49,Financeiro,12:08,Cancelado,Administrativo,Manhã
Sul ao Norte,Juliana Santos,2024-02-01,10:01,Troca,10:26,Cancelado,Logística,Manhã
Loja Oeste,Beatriz Lima,2024-05-29,14:26,Reclamação,15:09,Cancelado,SAC,Tarde
Loja Leste,Carlos Souza,2024-03-25,12:59,Vendas,13:42,Cancelado,Comercial,Tarde
Express Oeste,Felipe Oliveira,2024-04-14,17:30,Financeiro,18:11,Em Aberto,Administrativo,Tarde
Centro-Oesto,Juliana Santos,2024-01-18,19:58,Suporte Técnico,20:17,Em Aberto,TI,Noite
Centro-Oesto,Felipe Oliveira,2024-05-16,16:58,Troca,17:49,Em Aberto,Logística,Tarde
Sul ao Norte,Ricardo Silva,2024-03-12,08:35,Reclamação,08:53,Cancelado,SAC,Manhã
Sul ao Norte,Carlos Souza,2024-03-03,09:20,Reclamação,10:03,Finalizado,SAC,Manhã
Nordeste,Ricardo Silva,2024-03-13,10:24,Troca,11:05,Em Aberto,Logística,Manhã
Loja Sul,Carlos Souza,2024-02-10,16:36,Vendas,17:05,Cancelado,Comercial,Tarde
Loja Matriz,Amanda Costa,2024-04-19,18:44,Vendas,19:10,Finalizado,Comercial,Noite
Noroeste,Beatriz Lima,2024-02-09,16:25,Financeiro,16:36,Cancelado,Administrativo,Tarde
Centro-Sul,Ricardo Silva,2024-01-15,11:42,Troca,12:33,Cancelado,Logística,Manhã
Centro-Oesto,Carlos Souza,2024-03-14,15:47,Reclamação,16:45,Cancelado,SAC,Tarde
Express Oeste,Beatriz Lima,2024-05-04,13:28,Reclamação,14:27,Em Aberto,SAC,Tarde
Loja Norte,Carlos Souza,2024-03-15,18:29,Vendas,18:39,Em Aberto,Comercial,Noite
Loja Oeste,Ricardo Silva,2024-05-16,16:46,Troca,17:40,Cancelado,Logística,Tarde
Nordeste,Juliana Santos,2024-03-23,17:35,Troca,18:07,Cancelado,Logística,Tarde
Centro-Sul,Carlos Souza,2024-01-13,10:47,Suporte Técnico,11:25,Finalizado,TI,Manhã
Express Oeste,Felipe Oliveira,2024-03-09,11:28,Suporte Técnico,12:12,Cancelado,TI,Manhã
Centro-Oesto,Felipe Oliveira,2024-02-14,09:50,Financeiro,10:39,Em Aberto,Administrativo,Manhã
Centro-Oesto,Juliana Santos,2024-02-02,10:37,Troca,11:19,Finalizado,Logística,Manhã
Sul ao Norte,Juliana Santos,2024-01-17,16:05,Troca,16:57,Cancelado,Logística,Tarde
Loja Oeste,Amanda Costa,2024-04-30,10:32,Financeiro,10:53,Cancelado,Administrativo,Manhã
Centro-Sul,Amanda Costa,2024-03-25,18:25,Troca,19:18,Em Aberto,Logística,Noite
Loja Leste,Felipe Oliveira,2024-04-25,11:05,Troca,11:32,Em Aberto,Logística,Manhã
Centro-Sul,Juliana Santos,2024-05-06,09:02,Vendas,10:01,Cancelado,Comercial,Manhã
Noroeste,Beatriz Lima,2024-02-06,09:08,Troca,09:34,Em Aberto,Logística,Manhã
Centro-Oesto,Carlos Souza,2024-03-25,15:33,Suporte Técnico,15:49,Em Aberto,TI,Tarde
Express Sul,Beatriz Lima,2024-04-08,08:34,Suporte Técnico,09:31,Cancelado,TI,Manhã
Loja Oeste,Amanda Costa,2024-05-13,12:57,Suporte Técnico,13:23,Finalizado,TI,Tarde
Sul ao Norte,Juliana Santos,2024-03-17,09:42,Reclamação,10:31,Finalizado,SAC,Manhã
Noroeste,Carlos Souza,2024-01-18,20:16,Troca,20:38,Cancelado,Logística,Noite
Loja Matriz,Beatriz Lima,2024-02-23,19:51,Vendas,20:43,Finalizado,Comercial,Noite
Nordeste,Felipe Oliveira,2024-05-24,13:00,Reclamação,13:14,Em Aberto,SAC,Tarde
Loja Norte,Felipe Oliveira,2024-05-19,09:41,Financeiro,10:35,Em Aberto,Administrativo,Manhã
Express Sul,Amanda Costa,2024-02-26,21:44,Troca,22:08,Cancelado,Logística,Noite
Express Oeste,Ricardo Silva,2024-04-11,20:21,Vendas,21:09,Cancelado,Comercial,Noite
Centro-Oesto,Amanda Costa,2024-05-30,10:05,Vendas,10:50,Cancelado,Comercial,Manhã
Loja Matriz,Beatriz Lima,2024-05-08,18:38,Troca,19:26,Em Aberto,Logística,Noite
Centro-Sul,Juliana Santos,2024-05-22,12:20,Troca,13:20,Finalizado,Logística,Tarde
Centro-Oesto,Juliana Santos,2024-03-03,11:35,Suporte Técnico,11:58,Cancelado,TI,Manhã
Express Oeste,Felipe Oliveira,2024-05-11,15:55,Suporte Técnico,16:28,Finalizado,TI,Tarde
Loja Oeste,Amanda Costa,2024-04-24,14:45,Vendas,15:38,Finalizado,Comercial,Tarde
Sul ao Norte,Juliana Santos,2024-03-24,17:03,Reclamação,17:42,Cancelado,SAC,Tarde
Loja Leste,Amanda Costa,2024-02-18,16:45,Vendas,17:07,Finalizado,Comercial,Tarde
Loja Norte,Ricardo Silva,2024-05-10,08:58,Suporte Técnico,09:48,Finalizado,TI,Manhã
Loja Oeste,Felipe Oliveira,2024-03-09,18:26,Reclamação,19:06,Em Aberto,SAC,Noite
Nordeste,Ricardo Silva,2024-03-20,14:44,Reclamação,15:06,Em Aberto,SAC,Tarde
Loja Sul,Ricardo Silva,2024-02-19,19:58,Financeiro,20:24,Finalizado,Administrativo,Noite
Loja Leste,Felipe Oliveira,2024-05-19,20:14,Vendas,20:31,Em Aberto,Comercial,Noite
Noroeste,Juliana Santos,2024-05-26,15:20,Troca,15:48,Cancelado,Logística,Tarde
Loja Sul,Juliana Santos,2024-03-07,12:14,Financeiro,12:30,Cancelado,Administrativo,Tarde
Loja Oeste,Carlos Souza,2024-02-20,08:23,Suporte Técnico,08:47,Finalizado,TI,Manhã
Sul ao Norte,Ricardo Silva,2024-04-07,19:52,Troca,20:29,Finalizado,Logística,Noite
Loja Leste,Juliana Santos,2024-03-21,12:30,Vendas,12:40,Cancelado,Comercial,Tarde
Nordeste,Juliana Santos,2024-02-27,11:08,Vendas,11:22,Finalizado,Comercial,Manhã
Loja Matriz,Juliana Santos,2024-04-18,14:33,Vendas,15:24,Em Aberto,Comercial,Tarde
Nordeste,Amanda Costa,2024-03-11,09:05,Vendas,09:55,Finalizado,Comercial,Manhã
Loja Sul,Ricardo Silva,2024-04-25,13:12,Suporte Técnico,13:24,Cancelado,TI,Tarde
Express Sul,Ricardo Silva,2024-02-24,12:29,Suporte Técnico,13:26,Em Aberto,TI,Tarde
Sul ao Norte,Juliana Santos,2024-05-22,15:41,Financeiro,16:28,Finalizado,Administrativo,Tarde
Loja Leste,Felipe Oliveira,2024-03-12,09:44,Reclamação,10:16,Em Aberto,SAC,Manhã
Loja Sul,Felipe Oliveira,2024-03-17,14:42,Vendas,15:40,Em Aberto,Comercial,Tarde
Centro-Oesto,Carlos Souza,2024-04-03,21:35,Financeiro,21:50,Cancelado,Administrativo,Noite
Centro-Sul,Felipe Oliveira,2024-05-16,19:09,Troca,19:28,Em Aberto,Logística,Noite
Express Sul,Felipe Oliveira,2024-04-05,18:15,Reclamação,18:57,Em Aberto,SAC,Noite
Express Sul,Felipe Oliveira,2024-04-22,12:48,Reclamação,13:37,Finalizado,SAC,Tarde
Express Sul,Beatriz Lima,2024-04-24,16:33,Financeiro,17:00,Cancelado,Administrativo,Tarde
Centro-Sul,Amanda Costa,2024-01-16,15:51,Suporte Técnico,16:20,Em Aberto,TI,Tarde
Sul ao Norte,Beatriz Lima,2024-01-20,11:34,Financeiro,12:32,Em Aberto,Administrativo,Manhã
Express Oeste,Amanda Costa,2024-01-16,16:26,Vendas,17:17,Cancelado,Comercial,Tarde
Express Sul,Carlos Souza,2024-02-02,18:53,Reclamação,19:25,Em Aberto,SAC,Noite
Noroeste,Carlos Souza,2024-05-24,13:19,Vendas,14:05,Em Aberto,Comercial,Tarde
Express Oeste,Ricardo Silva,2024-05-10,14:01,Financeiro,14:32,Finalizado,Administrativo,Tarde
Loja Oeste,Juliana Santos,2024-02-23,20:12,Financeiro,21:02,Finalizado,Administrativo,Noite
Loja Leste,Amanda Costa,2024-04-23,11:57,Suporte Técnico,12:51,Em Aberto,TI,Manhã
Centro-Sul,Felipe Oliveira,2024-03-20,10:14,Vendas,11:10,Finalizado,Comercial,Manhã
Express Oeste,Felipe Oliveira,2024-01-11,12:38,Troca,13:28,Cancelado,Logística,Tarde
Loja Leste,Carlos Souza,2024-02-07,16:49,Vendas,17:31,Em Aberto,Comercial,Tarde
Loja Matriz,Beatriz Lima,2024-02-15,08:53,Troca,09:36,Cancelado,Logística,Manhã
Loja Oeste,Juliana Santos,2024-04-29,10:11,Financeiro,10:51,Em Aberto,Administrativo,Manhã
Express Sul,Ricardo Silva,2024-02-03,16:04,Suporte Técnico,16:44,Finalizado,TI,Tarde
Noroeste,Carlos Souza,2024-01-29,11:47,Reclamação,12:40,Finalizado,SAC,Manhã
Loja Norte,Beatriz Lima,2024-04-11,09:51,Vendas,10:03,Finalizado,Comercial,Manhã
Express Sul,Felipe Oliveira,2024-01-11,11:32,Financeiro,11:56,Em Aberto,Administrativo,Manhã
Centro-Sul,Carlos Souza,2024-01-27,18:50,Financeiro,19:07,Finalizado,Administrativo,Noite
Express Sul,Ricardo Silva,2024-01-15,21:25,Financeiro,22:23,Cancelado,Administrativo,Noite
Sul ao Norte,Beatriz Lima,2024-04-05,18:58,Reclamação,19:24,Finalizado,SAC,Noite
Loja Leste,Felipe Oliveira,2024-02-27,20:03,Reclamação,21:01,Em Aberto,SAC,Noite
Noroeste,Felipe Oliveira,2024-04-24,09:42,Financeiro,10:27,Cancelado,Administrativo,Manhã
Loja Sul,Ricardo Silva,2024-01-14,09:07,Suporte Técnico,09:54,Finalizado,TI,Manhã
Noroeste,Felipe Oliveira,2024-02-19,19:35,Reclamação,20:10,Em Aberto,SAC,Noite
Centro-Oesto,Beatriz Lima,2024-04-05,10:18,Vendas,10:44,Cancelado,Comercial,Manhã
Loja Oeste,Carlos Souza,2024-02-05,08:14,Financeiro,08:29,Em Aberto,Administrativo,Manhã
Express Oeste,Carlos Souza,2024-01-28,15:28,Vendas,16:15,Em Aberto,Comercial,Tarde
Loja Norte,Felipe Oliveira,2024-03-22,11:57,Financeiro,12:29,Em Aberto,Administrativo,Manhã
Centro-Sul,Beatriz Lima,2024-02-08,12:53,Suporte Técnico,13:17,Em Aberto,TI,Tarde
Centro-Oesto,Juliana Santos,2024-02-27,09:34,Vendas,10:13,Finalizado,Comercial,Manhã
Centro-Oesto,Beatriz Lima,2024-02-06,17:58,Vendas,18:25,Finalizado,Comercial,Tarde
Sul ao Norte,Carlos Souza,2024-02-01,13:19,Vendas,14:01,Em Aberto,Comercial,Tarde
Noroeste,Ricardo Silva,2024-05-07,13:15,Reclamação,13:43,Finalizado,SAC,Tarde
Loja Sul,Ricardo Silva,2024-01-01,10:06,Reclamação,10:50,Cancelado,SAC,Manhã
Express Oeste,Juliana Santos,2024-03-24,14:37,Vendas,15:34,Finalizado,Comercial,Tarde
Nordeste,Amanda Costa,2024-05-23,08:52,Suporte Técnico,09:06,Em Aberto,TI,Manhã
Sul ao Norte,Carlos Souza,2024-05-07,15:59,Suporte Técnico,16:27,Cancelado,TI,Tarde
Loja Oeste,Amanda Costa,2024-01-28,15:14,Financeiro,15:44,Cancelado,Administrativo,Tarde
Loja Norte,Ricardo Silva,2024-01-19,12:25,Troca,13:10,Em Aberto,Logística,Tarde
Centro-Oesto,Juliana Santos,2024-01-15,10:47,Troca,11:42,Em Aberto,Logística,Manhã
Loja Leste,Beatriz Lima,2024-02-21,15:49,Vendas,16:15,Finalizado,Comercial,Tarde
Loja Sul,Beatriz Lima,2024-05-09,12:20,Suporte Técnico,12:54,Cancelado,TI,Tarde
Loja Oeste,Amanda Costa,2024-03-31,13:05,Vendas,13:15,Finalizado,Comercial,Tarde
Centro-Sul,Carlos Souza,2024-02-15,08:06,Suporte Técnico,08:41,Finalizado,TI,Manhã
Centro-Oesto,Felipe Oliveira,2024-02-01,12:03,Reclamação,12:39,Em Aberto,SAC,Tarde
Express Sul,Ricardo Silva,2024-04-12,08:48,Troca,09:19,Finalizado,Logística,Manhã
Centro-Sul,Juliana Santos,2024-02-22,16:26,Reclamação,17:12,Em Aberto,SAC,Tarde
Nordeste,Beatriz Lima,2024-05-18,21:44,Financeiro,22:04,Cancelado,Administrativo,Noite
Loja Norte,Amanda Costa,2024-01-10,10:06,Financeiro,10:41,Em Aberto,Administrativo,Manhã
Centro-Oesto,Carlos Souza,2024-04-02,12:45,Troca,13:05,Cancelado,Logística,Tarde
Express Sul,Beatriz Lima,2024-03-30,19:35,Suporte Técnico,20:11,Finalizado,TI,Noite
Loja Matriz,Beatriz Lima,2024-02-02,18:24,Vendas,19:17,Em Aberto,Comercial,Noite
Express Sul,Felipe Oliveira,2024-01-21,10:10,Suporte Técnico,10:43,Em Aberto,TI,Manhã
Loja Oeste,Beatriz Lima,2024-03-18,14:03,Reclamação,14:36,Em Aberto,SAC,Tarde
Centro-Sul,Juliana Santos,2024-05-25,11:05,Troca,11:28,Finalizado,Logística,Manhã
Nordeste,Felipe Oliveira,2024-04-07,08:13,Troca,08:25,Em Aberto,Logística,Manhã
Loja Matriz,Juliana Santos,2024-02-11,13:09,Financeiro,13:57,Finalizado,Administrativo,Tarde
Loja Leste,Juliana Santos,2024-04-30,11:25,Financeiro,11:46,Cancelado,Administrativo,Manhã
Loja Oeste,Amanda Costa,2024-01-31,18:05,Troca,18:15,Cancelado,Logística,Noite
Express Sul,Ricardo Silva,2024-02-13,14:46,Troca,15:04,Cancelado,Logística,Tarde
Express Oeste,Amanda Costa,2024-05-09,12:01,Troca,12:11,Em Aberto,Logística,Tarde
Express Oeste,Juliana Santos,2024-03-22,14:45,Vendas,15:31,Em Aberto,Comercial,Tarde
Loja Sul,Amanda Costa,2024-01-24,12:51,Vendas,13:41,Finalizado,Comercial,Tarde
Express Oeste,Ricardo Silva,2024-03-13,15:05,Troca,15:40,Em Aberto,Logística,Tarde
Loja Norte,Felipe Oliveira,2024-03-25,15:09,Troca,15:56,Em Aberto,Logística,Tarde
Sul ao Norte,Beatriz Lima,2024-03-22,19:16,Financeiro,19:36,Cancelado,Administrativo,Noite
Loja Matriz,Beatriz Lima,2024-02-26,12:05,Suporte Técnico,12:37,Finalizado,TI,Tarde
Centro-Oesto,Felipe Oliveira,2024-01-31,18:31,Financeiro,19:13,Em Aberto,Administrativo,Noite
Centro-Sul,Ricardo Silva,2024-01-29,20:41,Suporte Técnico,20:53,Em Aberto,TI,Noite
Express Sul,Juliana Santos,2024-02-03,13:50,Financeiro,14:02,Cancelado,Administrativo,Tarde
Loja Matriz,Beatriz Lima,2024-01-16,17:19,Reclamação,17:35,Em Aberto,SAC,Tarde
Sul ao Norte,Felipe Oliveira,2024-01-17,08:21,Reclamação,08:42,Cancelado,SAC,Manhã
Express Sul,Amanda Costa,2024-04-25,21:38,Vendas,22:00,Finalizado,Comercial,Noite
Loja Matriz,Ricardo Silva,2024-04-07,15:09,Troca,16:05,Em Aberto,Logística,Tarde
Centro-Oesto,Amanda Costa,2024-03-07,16:44,Suporte Técnico,17:16,Em Aberto,TI,Tarde
Centro-Oesto,Carlos Souza,2024-01-20,10:31,Reclamação,11:29,Finalizado,SAC,Manhã
Loja Norte,Felipe Oliveira,2024-01-31,21:59,Suporte Técnico,22:22,Em Aberto,TI,Noite
Centro-Sul,Beatriz Lima,2024-01-25,13:18,Suporte Técnico,13:31,Finalizado,TI,Tarde
Noroeste,Ricardo Silva,2024-04-13,11:03,Vendas,11:57,Em Aberto,Comercial,Manhã
Loja Sul,Felipe Oliveira,2024-03-26,13:05,Troca,13:55,Em Aberto,Logística,Tarde
Express Oeste,Amanda Costa,2024-01-25,14:58,Troca,15:15,Em Aberto,Logística,Tarde
Loja Oeste,Ricardo Silva,2024-05-16,13:08,Troca,13:43,Finalizado,Logística,Tarde
Loja Matriz,Ricardo Silva,2024-05-04,18:01,Reclamação,18:43,Finalizado,SAC,Noite
Express Oeste,Ricardo Silva,2024-01-19,10:01,Financeiro,10:38,Finalizado,Administrativo,Manhã
Loja Norte,Carlos Souza,2024-04-25,21:21,Troca,22:07,Em Aberto,Logística,Noite
Sul ao Norte,Felipe Oliveira,2024-01-02,14:14,Financeiro,14:48,Em Aberto,Administrativo,Tarde
Loja Matriz,Ricardo Silva,2024-03-21,20:16,Reclamação,20:37,Em Aberto,SAC,Noite
Loja Sul,Juliana Santos,2024-02-16,19:51,Troca,20:35,Em Aberto,Logística,Noite
Express Sul,Carlos Souza,2024-03-10,15:48,Financeiro,16:19,Cancelado,Administrativo,Tarde
Express Sul,Juliana Santos,2024-03-19,20:32,Financeiro,21:20,Cancelado,Administrativo,Noite
Loja Leste,Juliana Santos,2024-01-04,20:30,Financeiro,21:00,Em Aberto,Administrativo,Noite
Sul ao Norte,Carlos Souza,2024-05-07,21:41,Suporte Técnico,22:30,Finalizado,TI,Noite
Noroeste,Carlos Souza,2024-05-14,13:40,Vendas,13:57,Cancelado,Comercial,Tarde
Centro-Sul,Amanda Costa,2024-03-17,18:18,Reclamação,18:55,Cancelado,SAC,Noite
Sul ao Norte,Beatriz Lima,2024-01-30,19:37,Suporte Técnico,20:10,Em Aberto,TI,Noite
Express Sul,Ricardo Silva,2024-05-30,11:37,Vendas,12:26,Finalizado,Comercial,Manhã
Express Sul,Carlos Souza,2024-03-24,20:43,Reclamação,21:15,Em Aberto,SAC,Noite
Express Sul,Juliana Santos,2024-04-24,19:40,Troca,20:35,Cancelado,Logística,Noite
Centro-Oesto,Beatriz Lima,2024-04-08,13:47,Financeiro,13:59,Finalizado,Administrativo,Tarde
Centro-Oesto,Juliana Santos,2024-03-17,14:21,Financeiro,14:37,Cancelado,Administrativo,Tarde
Loja Norte,Felipe Oliveira,2024-02-15,14:13,Financeiro,15:11,Em Aberto,Administrativo,Tarde
Loja Norte,Carlos Souza,2024-02-11,17:49,Suporte Técnico,17:59,Finalizado,TI,Tarde
Loja Norte,Juliana Santos,2024-01-10,17:24,Suporte Técnico,17:34,Em Aberto,TI,Tarde
Loja Norte,Juliana Santos,2024-04-30,18:52,Vendas,19:23,Em Aberto,Comercial,Noite
Loja Leste,Felipe Oliveira,2024-04-30,12:14,Financeiro,12:48,Em Aberto,Administrativo,Tarde
Centro-Oesto,Beatriz Lima,2024-05-28,10:06,Financeiro,10:34,Em Aberto,Administrativo,Manhã
Loja Leste,Amanda Costa,2024-03-23,16:22,Financeiro,17:18,Finalizado,Administrativo,Tarde
Loja Leste,Beatriz Lima,2024-01-14,15:51,Suporte Técnico,16:28,Em Aberto,TI,Tarde
Centro-Oesto,Juliana Santos,2024-03-01,16:39,Troca,17:09,Em Aberto,Logística,Tarde
Loja Leste,Ricardo Silva,2024-02-01,11:29,Financeiro,11:52,Cancelado,Administrativo,Manhã
Loja Matriz,Juliana Santos,2024-01-06,17:36,Vendas,18:06,Cancelado,Comercial,Tarde
Loja Oeste,Carlos Souza,2024-02-08,13:48,Financeiro,14:38,Finalizado,Administrativo,Tarde
Loja Sul,Amanda Costa,2024-03-27,09:30,Vendas,09:51,Cancelado,Comercial,Manhã
Noroeste,Carlos Souza,2024-03-27,14:36,Vendas,14:53,Em Aberto,Comercial,Tarde
Centro-Sul,Ricardo Silva,2024-03-14,14:08,Reclamação,14:29,Finalizado,SAC,Tarde
Loja Leste,Beatriz Lima,2024-05-27,10:29,Suporte Técnico,11:25,Cancelado,TI,Manhã
Loja Oeste,Juliana Santos,2024-05-19,19:58,Vendas,20:45,Finalizado,Comercial,Noite
Centro-Oesto,Ricardo Silva,2024-05-12,21:35,Suporte Técnico,22:30,Em Aberto,TI,Noite
Loja Matriz,Carlos Souza,2024-03-13,14:45,Financeiro,15:16,Finalizado,Administrativo,Tarde
Loja Sul,Ricardo Silva,2024-02-16,18:54,Suporte Técnico,19:26,Cancelado,TI,Noite
Loja Norte,Juliana Santos,2024-03-20,21:23,Suporte Técnico,21:40,Cancelado,TI,Noite
Express Oeste,Beatriz Lima,2024-03-26,18:34,Vendas,18:49,Em Aberto,Comercial,Noite
Sul ao Norte,Amanda Costa,2024-01-03,09:07,Reclamação,09:40,Cancelado,SAC,Manhã
Loja Leste,Amanda Costa,2024-01-01,18:13,Suporte Técnico,19:00,Cancelado,TI,Noite
Express Oeste,Felipe Oliveira,2024-03-29,12:05,Suporte Técnico,12:21,Em Aberto,TI,Tarde
Noroeste,Juliana Santos,2024-04-06,12:18,Vendas,12:48,Em Aberto,Comercial,Tarde
Centro-Oesto,Felipe Oliveira,2024-02-19,21:56,Suporte Técnico,22:32,Finalizado,TI,Noite
Loja Matriz,Carlos Souza,2024-03-27,15:08,Reclamação,15:33,Cancelado,SAC,Tarde
Nordeste,Amanda Costa,2024-05-05,20:33,Financeiro,21:31,Em Aberto,Administrativo,Noite
Nordeste,Carlos Souza,2024-02-11,13:06,Reclamação,13:55,Cancelado,SAC,Tarde
Loja Matriz,Juliana Santos,2024-01-03,10:21,Vendas,11:02,Finalizado,Comercial,Manhã
Noroeste,Felipe Oliveira,2024-04-13,15:38,Reclamação,16:03,Cancelado,SAC,Tarde
Express Oeste,Carlos Souza,2024-03-08,20:53,Suporte Técnico,21:21,Em Aberto,TI,Noite
Express Sul,Juliana Santos,2024-04-13,18:57,Financeiro,19:34,Finalizado,Administrativo,Noite
Nordeste,Ricardo Silva,2024-04-09,14:46,Reclamação,15:34,Cancelado,SAC,Tarde
Loja Leste,Felipe Oliveira,2024-02-09,08:48,Reclamação,09:44,Finalizado,SAC,Manhã
Centro-Sul,Amanda Costa,2024-02-14,12:08,Troca,12:22,Em Aberto,Logística,Tarde
Loja Leste,Amanda Costa,2024-04-03,15:23,Troca,15:44,Finalizado,Logística,Tarde
Express Oeste,Ricardo Silva,2024-01-10,09:11,Suporte Técnico,09:32,Em Aberto,TI,Manhã
Loja Oeste,Ricardo Silva,2024-04-03,14:15,Suporte Técnico,14:37,Cancelado,TI,Manhã
Centro-Oesto,Ricardo Silva,2024-05-02,13:01,Troca,13:43,Em Aberto,Logística,Manhã
Centro-Oesto,Juliana Santos,2024-03-10,12:26,Financeiro,12:51,Cancelado,Administrativo,Manhã
Express Oeste,Felipe Oliveira,2024-05-30,21:55,Suporte Técnico,22:22,Finalizado,TI,Noite
Express Sul,Amanda Costa,2024-05-21,12:54,Suporte Técnico,13:04,Em Aberto,TI,Manhã
Centro-Oesto,Felipe Oliveira,2024-02-26,12:59,Reclamação,13:18,Finalizado,SAC,Manhã
Loja Matriz,Felipe Oliveira,2024-05-11,12:51,Troca,13:26,Em Aberto,Logística,Manhã
Centro-Sul,Carlos Souza,2024-02-07,21:24,Suporte Técnico,22:07,Em Aberto,TI,Noite
Centro-Oesto,Ricardo Silva,2024-04-12,15:57,Vendas,16:12,Cancelado,Comercial,Manhã
Loja Oeste,Juliana Santos,2024-04-17,21:17,Financeiro,21:49,Finalizado,Administrativo,Noite
Loja Sul,Ricardo Silva,2024-02-02,09:40,Troca,10:36,Finalizado,Logística,Manhã
Centro-Oesto,Felipe Oliveira,2024-05-10,09:58,Financeiro,10:42,Em Aberto,Administrativo,Manhã
Loja Oeste,Carlos Souza,2024-02-24,14:20,Troca,14:59,Em Aberto,Logística,Manhã
Express Sul,Beatriz Lima,2024-05-24,21:26,Suporte Técnico,21:44,Cancelado,TI,Noite
Nordeste,Ricardo Silva,2024-02-06,11:55,Troca,12:18,Finalizado,Logística,Manhã
Loja Norte,Carlos Souza,2024-04-04,15:49,Financeiro,16:29,Em Aberto,Administrativo,Manhã
Centro-Sul,Amanda Costa,2024-02-17,10:29,Vendas,10:48,Finalizado,Comercial,Manhã
Noroeste,Felipe Oliveira,2024-01-17,08:31,Troca,09:01,Em Aberto,Logística,Manhã
Sul ao Norte,Beatriz Lima,2024-03-29,18:58,Reclamação,19:30,Cancelado,SAC,Noite
Sul ao Norte,Carlos Souza,2024-02-29,15:58,Reclamação,16:12,Em Aberto,SAC,Manhã
Nordeste,Ricardo Silva,2024-01-06,19:47,Suporte Técnico,20:19,Cancelado,TI,Noite
Nordeste,Beatriz Lima,2024-04-05,09:12,Reclamação,10:00,Cancelado,SAC,Manhã
Nordeste,Ricardo Silva,2024-01-15,21:44,Vendas,22:06,Em Aberto,Comercial,Noite
Express Oeste,Amanda Costa,2024-03-05,21:20,Vendas,22:19,Finalizado,Comercial,Noite
Express Oeste,Juliana Santos,2024-02-26,18:57,Vendas,19:25,Finalizado,Comercial,Noite
Express Oeste,Amanda Costa,2024-05-28,11:59,Vendas,12:21,Cancelado,Comercial,Manhã
Loja Oeste,Beatriz Lima,2024-04-11,21:33,Financeiro,22:01,Em Aberto,Administrativo,Noite
Express Sul,Amanda Costa,2024-04-26,12:33,Financeiro,13:02,Em Aberto,Administrativo,Manhã
Centro-Oesto,Amanda Costa,2024-03-28,14:21,Vendas,14:52,Finalizado,Comercial,Manhã
Noroeste,Beatriz Lima,2024-02-10,09:38,Troca,10:32,Em Aberto,Logística,Manhã
Nordeste,Amanda Costa,2024-03-24,12:52,Financeiro,13:23,Cancelado,Administrativo,Manhã
Loja Oeste,Beatriz Lima,2024-03-10,11:13,Troca,11:24,Cancelado,Logística,Manhã
Centro-Sul,Juliana Santos,2024-02-10,09:10,Reclamação,09:57,Em Aberto,SAC,Manhã
Centro-Oesto,Ricardo Silva,2024-05-27,11:18,Troca,11:34,Cancelado,Logística,Manhã
Loja Leste,Beatriz Lima,2024-01-18,12:17,Troca,12:58,Cancelado,Logística,Manhã
Loja Sul,Felipe Oliveira,2024-01-23,21:06,Suporte Técnico,22:05,Cancelado,TI,Noite
Nordeste,Amanda Costa,2024-05-28,19:29,Suporte Técnico,20:10,Finalizado,TI,Noite
Express Sul,Felipe Oliveira,2024-05-11,10:46,Vendas,11:39,Em Aberto,Comercial,Manhã
Loja Oeste,Beatriz Lima,2024-04-08,16:47,Troca,17:05,Em Aberto,Logística,Manhã
Nordeste,Carlos Souza,2024-04-05,08:42,Reclamação,09:04,Em Aberto,SAC,Manhã
Loja Leste,Felipe Oliveira,2024-03-16,12:12,Suporte Técnico,12:43,Em Aberto,TI,Manhã
Loja Oeste,Amanda Costa,2024-02-03,14:29,Troca,14:51,Cancelado,Logística,Manhã
Loja Norte,Ricardo Silva,2024-05-27,14:18,Troca,14:41,Em Aberto,Logística,Manhã
Loja Leste,Felipe Oliveira,2024-04-08,12:39,Financeiro,13:25,Finalizado,Administrativo,Manhã
Loja Leste,Juliana Santos,2024-03-20,12:35,Vendas,13:26,Em Aberto,Comercial,Manhã
Centro-Oesto,Beatriz Lima,2024-02-22,21:07,Vendas,21:55,Em Aberto,Comercial,Manhã
Noroeste,Amanda Costa,2024-04-17,13:36,Vendas,14:32,Finalizado,Comercial,Manhã
Loja Norte,Juliana Santos,2024-02-11,08:33,Vendas,09:22,Finalizado,Comercial,Manhã
Express Sul,Felipe Oliveira,2024-04-27,19:50,Financeiro,20:42,Em Aberto,Administrativo,Manhã
Loja Norte,Carlos Souza,2024-02-27,13:20,Vendas,14:07,Cancelado,Comercial,Tarde
Nordeste,Carlos Souza,2024-04-01,11:23,Financeiro,12:16,Em Aberto,Administrativo,Manhã
Sul ao Norte,Carlos Souza,2024-01-05,09:52,Vendas,10:29,Cancelado,Comercial,Manhã
Nordeste,Beatriz Lima,2024-03-11,08:04,Financeiro,08:46,Finalizado,Administrativo,Manhã
Express Oeste,Juliana Santos,2024-05-07,12:18,Vendas,13:15,Cancelado,Comercial,Tarde
Sul ao Norte,Juliana Santos,2024-02-09,15:07,Suporte Técnico,16:02,Cancelado,TI,Tarde
Loja Matriz,Amanda Costa,2024-05-05,13:00,Suporte Técnico,13:37,Em Aberto,TI,Tarde
Express Sul,Beatriz Lima,2024-03-04,11:51,Suporte Técnico,12:32,Em Aberto,TI,Manhã
Sul ao Norte,Carlos Souza,2024-03-20,14:01,Troca,14:56,Finalizado,Logística,Tarde
Loja Sul,Beatriz Lima,2024-03-25,19:55,Troca,20:48,Cancelado,Logística,Manhã
Nordeste,Amanda Costa,2024-03-06,13:29,Financeiro,13:59,Finalizado,Administrativo,Tarde
Loja Sul,Felipe Oliveira,2024-02-28,09:39,Suporte Técnico,10:02,Finalizado,TI,Manhã
Centro-Oesto,Ricardo Silva,2024-04-03,11:24,Troca,11:54,Em Aberto,Logística,Manhã
Loja Sul,Felipe Oliveira,2024-04-15,20:33,Vendas,21:14,Finalizado,Comercial,Manhã
Noroeste,Amanda Costa,2024-03-07,18:55,Suporte Técnico,19:14,Cancelado,TI,Noite
Express Oeste,Amanda Costa,2024-03-08,20:03,Troca,20:30,Finalizado,Logística,Noite
Loja Norte,Ricardo Silva,2024-03-06,11:18,Suporte Técnico,11:59,Cancelado,TI,Manhã
Express Oeste,Beatriz Lima,2024-05-28,15:12,Financeiro,15:54,Em Aberto,Administrativo,Tarde
Centro-Sul,Ricardo Silva,2024-05-03,09:51,Suporte Técnico,10:46,Em Aberto,TI,Manhã
Loja Oeste,Carlos Souza,2024-01-24,18:58,Reclamação,19:33,Finalizado,SAC,Noite
Loja Sul,Amanda Costa,2024-05-18,12:01,Reclamação,12:37,Em Aberto,SAC,Tarde
Noroeste,Carlos Souza,2024-05-11,17:44,Vendas,18:20,Finalizado,Comercial,Tarde
Centro-Sul,Felipe Oliveira,2024-03-21,15:24,Suporte Técnico,16:00,Em Aberto,TI,Tarde
Centro-Oesto,Juliana Santos,2024-03-18,08:04,Financeiro,08:21,Cancelado,Administrativo,Manhã
Express Oeste,Ricardo Silva,2024-04-21,09:20,Financeiro,09:42,Cancelado,Administrativo,Manhã
Sul ao Norte,Ricardo Silva,2024-03-12,12:18,Reclamação,13:00,Cancelado,SAC,Tarde
Sul ao Norte,Carlos Souza,2024-04-11,14:40,Vendas,15:12,Cancelado,Comercial,Tarde
Loja Matriz,Carlos Souza,2024-04-26,19:03,Financeiro,20:00,Cancelado,Administrativo,Noite
Loja Matriz,Amanda Costa,2024-02-15,21:32,Suporte Técnico,22:29,Finalizado,TI,Noite
Sul ao Norte,Ricardo Silva,2024-01-13,17:01,Suporte Técnico,17:17,Em Aberto,TI,Tarde
Centro-Oesto,Beatriz Lima,2024-02-05,12:15,Financeiro,12:51,Em Aberto,Administrativo,Tarde
Noroeste,Felipe Oliveira,2024-03-19,12:21,Troca,13:11,Cancelado,Logística,Tarde
Express Sul,Ricardo Silva,2024-03-12,17:28,Vendas,17:38,Em Aberto,Comercial,Tarde
Loja Matriz,Ricardo Silva,2024-03-10,13:09,Vendas,13:36,Finalizado,Comercial,Tarde
Noroeste,Beatriz Lima,2024-03-19,16:12,Troca,16:36,Cancelado,Logística,Tarde
Nordeste,Amanda Costa,2024-04-12,18:08,Reclamação,18:40,Em Aberto,SAC,Noite
Nordeste,Ricardo Silva,2024-01-17,17:33,Vendas,18:09,Em Aberto,Comercial,Tarde
Loja Matriz,Felipe Oliveira,2024-04-23,16:17,Financeiro,17:06,Finalizado,Administrativo,Tarde
Centro-Oesto,Ricardo Silva,2024-02-24,11:22,Financeiro,12:12,Cancelado,Administrativo,Manhã
Sul ao Norte,Beatriz Lima,2024-03-31,13:41,Troca,14:06,Em Aberto,Logística,Tarde
Loja Oeste,Carlos Souza,2024-04-23,19:18,Troca,20:11,Em Aberto,Logística,Noite
Noroeste,Juliana Santos,2024-05-21,21:40,Reclamação,22:18,Cancelado,SAC,Noite
Express Sul,Felipe Oliveira,2024-04-12,18:13,Troca,18:51,Cancelado,Logística,Noite
Loja Oeste,Beatriz Lima,2024-04-10,20:30,Vendas,20:56,Em Aberto,Comercial,Noite
Centro-Oesto,Carlos Souza,2024-04-18,19:13,Vendas,20:05,Cancelado,Comercial,Noite
Express Oeste,Felipe Oliveira,2024-05-01,20:05,Reclamação,20:40,Cancelado,SAC,Noite
Nordeste,Beatriz Lima,2024-03-21,12:50,Suporte Técnico,13:11,Finalizado,TI,Tarde
Loja Matriz,Felipe Oliveira,2024-05-02,13:09,Vendas,13:24,Finalizado,Comercial,Tarde
Express Oeste,Ricardo Silva,2024-01-19,11:20,Financeiro,11:41,Em Aberto,Administrativo,Manhã
Centro-Sul,Juliana Santos,2024-04-04,20:14,Financeiro,20:55,Finalizado,Administrativo,Noite
Centro-Sul,Carlos Souza,2024-01-31,18:22,Troca,19:00,Finalizado,Logística,Noite
Sul ao Norte,Felipe Oliveira,2024-05-14,12:54,Vendas,13:48,Cancelado,Comercial,Tarde
Loja Norte,Felipe Oliveira,2024-05-05,21:21,Suporte Técnico,22:10,Em Aberto,TI,Noite
Express Sul,Beatriz Lima,2024-01-19,08:20,Financeiro,09:02,Cancelado,Administrativo,Manhã
Loja Leste,Beatriz Lima,2024-01-20,09:45,Vendas,10:17,Em Aberto,Comercial,Manhã
Loja Matriz,Beatriz Lima,2024-04-21,15:09,Vendas,15:46,Em Aberto,Comercial,Tarde
Loja Matriz,Felipe Oliveira,2024-05-03,18:13,Financeiro,19:13,Em Aberto,Administrativo,Noite
Centro-Oesto,Ricardo Silva,2024-01-11,10:29,Vendas,11:16,Em Aberto,Comercial,Manhã
Sul ao Norte,Juliana Santos,2024-03-30,18:08,Troca,18:45,Em Aberto,Logística,Noite
Centro-Oesto,Juliana Santos,2024-04-20,16:00,Financeiro,16:18,Finalizado,Administrativo,Tarde
Loja Leste,Ricardo Silva,2024-02-27,16:44,Vendas,17:08,Cancelado,Comercial,Tarde
Loja Norte,Juliana Santos,2024-05-09,16:34,Troca,17:26,Cancelado,Logística,Tarde
Centro-Sul,Felipe Oliveira,2024-03-30,21:36,Reclamação,22:32,Em Aberto,SAC,Noite
Centro-Sul,Juliana Santos,2024-01-23,18:10,Suporte Técnico,19:08,Em Aberto,TI,Noite
Sul ao Norte,Juliana Santos,2024-04-14,17:51,Financeiro,18:23,Finalizado,Administrativo,Tarde
Noroeste,Felipe Oliveira,2024-02-23,12:17,Reclamação,13:03,Finalizado,SAC,Tarde
Express Sul,Ricardo Silva,2024-02-16,10:27,Reclamação,10:47,Finalizado,SAC,Manhã
Noroeste,Juliana Santos,2024-03-09,08:40,Troca,09:33,Finalizado,Logística,Manhã
Sul ao Norte,Beatriz Lima,2024-04-05,18:55,Financeiro,19:27,Finalizado,Administrativo,Noite
Express Oeste,Beatriz Lima,2024-02-16,13:20,Financeiro,13:40,Em Aberto,Administrativo,Tarde
Loja Oeste,Beatriz Lima,2024-05-23,14:59,Suporte Técnico,15:46,Finalizado,TI,Tarde
Centro-Sul,Juliana Santos,2024-03-10,13:43,Financeiro,13:55,Em Aberto,Administrativo,Tarde
Loja Norte,Beatriz Lima,2024-04-25,11:38,Suporte Técnico,12:18,Em Aberto,TI,Manhã
Loja Sul,Ricardo Silva,2024-03-20,09:57,Suporte Técnico,10:44,Em Aberto,TI,Manhã
Loja Norte,Carlos Souza,2024-05-01,13:37,Financeiro,14:18,Em Aberto,Administrativo,Tarde
Loja Matriz,Juliana Santos,2024-04-12,14:05,Troca,14:28,Em Aberto,Logística,Tarde
Centro-Sul,Juliana Santos,2024-04-16,21:11,Reclamação,21:28,Em Aberto,SAC,Noite
Loja Oeste,Ricardo Silva,2024-02-18,20:31,Suporte Técnico,21:02,Em Aberto,TI,Noite
Loja Oeste,Juliana Santos,2024-03-14,14:34,Suporte Técnico,14:46,Finalizado,TI,Tarde
Loja Oeste,Felipe Oliveira,2024-05-10,16:49,Suporte Técnico,17:07,Cancelado,TI,Tarde
Sul ao Norte,Carlos Souza,2024-02-25,19:15,Reclamação,20:05,Cancelado,SAC,Noite
Loja Sul,Amanda Costa,2024-01-29,09:58,Reclamação,10:19,Finalizado,SAC,Manhã
Express Oeste,Amanda Costa,2024-03-27,18:24,Suporte Técnico,18:53,Cancelado,TI,Noite
Centro-Oesto,Amanda Costa,2024-03-23,15:53,Suporte Técnico,16:16,Finalizado,TI,Tarde
Loja Oeste,Amanda Costa,2024-01-31,13:08,Vendas,13:32,Em Aberto,Comercial,Tarde
Loja Norte,Felipe Oliveira,2024-03-12,15:37,Financeiro,16:03,Finalizado,Administrativo,Tarde
Loja Norte,Carlos Souza,2024-01-17,16:05,Reclamação,16:20,Cancelado,SAC,Tarde
Centro-Oesto,Juliana Santos,2024-05-14,18:38,Suporte Técnico,19:36,Em Aberto,TI,Noite
Loja Norte,Amanda Costa,2024-03-25,18:35,Suporte Técnico,19:35,Em Aberto,TI,Noite
Noroeste,Juliana Santos,2024-03-13,14:12,Suporte Técnico,14:22,Cancelado,TI,Tarde
Express Oeste,Felipe Oliveira,2024-01-02,15:41,Financeiro,16:32,Cancelado,Administrativo,Tarde
Loja Oeste,Juliana Santos,2024-04-28,11:24,Reclamação,12:18,Cancelado,SAC,Manhã
Loja Oeste,Amanda Costa,2024-04-01,08:41,Reclamação,09:11,Em Aberto,SAC,Manhã
Noroeste,Amanda Costa,2024-04-06,17:29,Vendas,17:47,Cancelado,Comercial,Tarde
Centro-Sul,Carlos Souza,2024-05-19,18:00,Financeiro,18:48,Em Aberto,Administrativo,Noite
Centro-Oesto,Ricardo Silva,2024-05-23,10:55,Troca,11:37,Cancelado,Logística,Manhã
Nordeste,Felipe Oliveira,2024-01-29,12:46,Financeiro,13:29,Em Aberto,Administrativo,Tarde
Express Sul,Felipe Oliveira,2024-04-17,16:18,Reclamação,17:17,Cancelado,SAC,Tarde
Loja Leste,Juliana Santos,2024-05-21,11:58,Financeiro,12:34,Cancelado,Administrativo,Manhã
Loja Leste,Amanda Costa,2024-02-07,16:26,Troca,16:42,Finalizado,Logística,Tarde
Loja Sul,Amanda Costa,2024-02-16,11:02,Suporte Técnico,11:53,Em Aberto,TI,Manhã
Loja Sul,Beatriz Lima,2024-03-13,15:34,Financeiro,16:26,Em Aberto,Administrativo,Tarde
Loja Oeste,Felipe Oliveira,2024-01-01,20:57,Financeiro,21:49,Finalizado,Administrativo,Noite
Loja Leste,Ricardo Silva,2024-03-29,13:02,Reclamação,13:36,Cancelado,SAC,Tarde
Centro-Oesto,Beatriz Lima,2024-01-10,11:59,Troca,12:47,Em Aberto,Logística,Manhã
Sul ao Norte,Amanda Costa,2024-02-09,19:24,Vendas,19:50,Cancelado,Comercial,Noite
Sul ao Norte,Juliana Santos,2024-05-03,11:28,Reclamação,12:16,Em Aberto,SAC,Manhã
Noroeste,Ricardo Silva,2024-03-22,15:26,Reclamação,15:58,Cancelado,SAC,Tarde
Sul ao Norte,Juliana Santos,2024-02-12,19:17,Reclamação,20:00,Em Aberto,SAC,Noite
Noroeste,Juliana Santos,2024-03-19,09:50,Troca,10:07,Cancelado,Logística,Manhã
Loja Matriz,Amanda Costa,2024-04-21,15:40,Troca,16:05,Em Aberto,Logística,Tarde
Loja Matriz,Juliana Santos,2024-04-10,21:44,Troca,22:34,Finalizado,Logística,Noite
Loja Leste,Ricardo Silva,2024-02-18,18:22,Financeiro,19:21,Finalizado,Administrativo,Noite
Loja Sul,Ricardo Silva,2024-02-02,21:32,Reclamação,21:46,Em Aberto,SAC,Noite
Centro-Sul,Felipe Oliveira,2024-02-27,19:58,Vendas,20:40,Em Aberto,Comercial,Noite
Loja Norte,Beatriz Lima,2024-05-03,17:33,Vendas,17:45,Em Aberto,Comercial,Tarde
Loja Matriz,Felipe Oliveira,2024-02-01,09:16,Reclamação,09:45,Cancelado,SAC,Manhã
Centro-Sul,Ricardo Silva,2024-03-10,08:30,Troca,09:08,Em Aberto,Logística,Manhã
Loja Leste,Carlos Souza,2024-04-18,11:30,Suporte Técnico,12:22,Cancelado,TI,Manhã
Loja Sul,Felipe Oliveira,2024-02-07,16:16,Suporte Técnico,16:34,Finalizado,TI,Tarde
Loja Norte,Felipe Oliveira,2024-03-27,08:24,Financeiro,09:13,Finalizado,Administrativo,Manhã
Express Sul,Felipe Oliveira,2024-02-11,17:47,Troca,18:13,Em Aberto,Logística,Tarde
Loja Matriz,Felipe Oliveira,2024-02-07,21:22,Reclamação,21:54,Finalizado,SAC,Noite
Loja Sul,Amanda Costa,2024-01-04,11:20,Troca,11:58,Cancelado,Logística,Manhã
Express Sul,Ricardo Silva,2024-04-03,21:36,Troca,22:04,Finalizado,Logística,Noite
Noroeste,Beatriz Lima,2024-05-28,17:30,Troca,18:05,Em Aberto,Logística,Tarde
Nordeste,Amanda Costa,2024-01-15,20:14,Vendas,20:47,Finalizado,Comercial,Noite
Loja Oeste,Carlos Souza,2024-02-27,13:22,Reclamação,14:12,Cancelado,SAC,Tarde
Express Sul,Ricardo Silva,2024-02-13,20:19,Vendas,21:13,Finalizado,Comercial,Noite
Express Oeste,Beatriz Lima,2024-04-16,15:22,Vendas,15:59,Finalizado,Comercial,Tarde
Noroeste,Felipe Oliveira,2024-01-11,16:22,Vendas,16:55,Em Aberto,Comercial,Tarde
Sul ao Norte,Felipe Oliveira,2024-02-25,09:28,Reclamação,09:58,Cancelado,SAC,Manhã
Loja Leste,Felipe Oliveira,2024-02-26,12:55,Troca,13:45,Em Aberto,Logística,Tarde
Centro-Sul,Felipe Oliveira,2024-03-25,14:56,Suporte Técnico,15:22,Finalizado,TI,Tarde
Loja Matriz,Juliana Santos,2024-03-31,12:50,Vendas,13:31,Cancelado,Comercial,Tarde
Loja Matriz,Felipe Oliveira,2024-01-18,20:27,Financeiro,21:24,Em Aberto,Administrativo,Noite
Centro-Oesto,Felipe Oliveira,2024-01-26,14:50,Reclamação,15:09,Finalizado,SAC,Tarde
Noroeste,Felipe Oliveira,2024-03-13,09:35,Troca,09:51,Finalizado,Logística,Manhã
Express Sul,Felipe Oliveira,2024-02-23,17:17,Vendas,18:17,Em Aberto,Comercial,Tarde
Centro-Sul,Beatriz Lima,2024-03-04,17:26,Financeiro,18:02,Cancelado,Administrativo,Tarde
Centro-Sul,Amanda Costa,2024-01-12,10:15,Vendas,10:35,Finalizado,Comercial,Manhã
Loja Matriz,Ricardo Silva,2024-01-10,21:33,Financeiro,22:05,Cancelado,Administrativo,Noite
Centro-Sul,Amanda Costa,2024-03-11,21:41,Troca,22:23,Finalizado,Logística,Noite
Loja Norte,Juliana Santos,2024-02-22,10:17,Suporte Técnico,11:12,Cancelado,TI,Manhã
Sul ao Norte,Ricardo Silva,2024-05-30,15:19,Vendas,15:48,Cancelado,Comercial,Tarde
Centro-Sul,Amanda Costa,2024-03-13,16:19,Financeiro,16:43,Finalizado,Administrativo,Tarde
Loja Oeste,Beatriz Lima,2024-05-13,15:59,Reclamação,16:44,Cancelado,SAC,Tarde
Loja Leste,Amanda Costa,2024-05-06,20:26,Suporte Técnico,21:00,Finalizado,TI,Noite
Loja Norte,Beatriz Lima,2024-03-11,12:44,Troca,13:43,Em Aberto,Logística,Tarde
Express Oeste,Juliana Santos,2024-03-17,10:33,Vendas,11:26,Finalizado,Comercial,Manhã
Centro-Sul,Amanda Costa,2024-02-28,10:31,Suporte Técnico,11:09,Cancelado,TI,Manhã
Loja Sul,Felipe Oliveira,2024-03-31,15:26,Suporte Técnico,15:44,Em Aberto,TI,Tarde
Centro-Sul,Juliana Santos,2024-03-18,19:42,Troca,20:07,Em Aberto,Logística,Noite
Loja Matriz,Amanda Costa,2024-05-16,20:08,Vendas,20:34,Finalizado,Comercial,Noite
Loja Oeste,Carlos Souza,2024-03-19,16:14,Troca,16:42,Finalizado,Logística,Tarde
Loja Sul,Ricardo Silva,2024-05-19,17:15,Suporte Técnico,17:50,Finalizado,TI,Tarde
Sul ao Norte,Amanda Costa,2024-05-29,21:17,Vendas,22:07,Cancelado,Comercial,Noite
Loja Sul,Beatriz Lima,2024-03-25,14:54,Reclamação,15:31,Finalizado,SAC,Tarde
Centro-Oesto,Felipe Oliveira,2024-04-07,14:21,Reclamação,15:02,Cancelado,SAC,Tarde
Centro-Sul,Carlos Souza,2024-02-21,16:13,Suporte Técnico,16:43,Finalizado,TI,Tarde
Loja Leste,Felipe Oliveira,2024-02-02,21:42,Reclamação,22:24,Em Aberto,SAC,Noite
Loja Leste,Felipe Oliveira,2024-02-07,17:55,Suporte Técnico,18:27,Em Aberto,TI,Tarde
Loja Oeste,Beatriz Lima,2024-04-12,14:22,Troca,14:43,Em Aberto,Logística,Tarde
Express Oeste,Ricardo Silva,2024-02-28,11:35,Suporte Técnico,11:46,Cancelado,TI,Manhã
Loja Oeste,Carlos Souza,2024-04-11,09:02,Suporte Técnico,09:39,Cancelado,TI,Manhã
Nordeste,Carlos Souza,2024-01-07,08:05,Reclamação,08:30,Finalizado,SAC,Manhã
Loja Oeste,Beatriz Lima,2024-02-06,19:45,Vendas,20:33,Cancelado,Comercial,Noite
Sul ao Norte,Amanda Costa,2024-05-28,16:12,Reclamação,16:44,Cancelado,SAC,Tarde
Express Oeste,Juliana Santos,2024-04-30,21:33,Suporte Técnico,21:55,Em Aberto,TI,Noite
Express Oeste,Beatriz Lima,2024-03-19,18:49,Vendas,19:04,Em Aberto,Comercial,Noite
Nordeste,Ricardo Silva,2024-04-01,08:04,Financeiro,08:24,Em Aberto,Administrativo,Manhã
Centro-Sul,Amanda Costa,2024-04-13,13:08,Vendas,13:26,Finalizado,Comercial,Tarde
Express Sul,Juliana Santos,2024-05-05,11:31,Troca,11:50,Em Aberto,Logística,Manhã
Noroeste,Felipe Oliveira,2024-04-11,08:40,Reclamação,08:59,Em Aberto,SAC,Manhã
Nordeste,Amanda Costa,2024-01-17,13:27,Reclamação,14:15,Cancelado,SAC,Tarde
Loja Matriz,Amanda Costa,2024-05-16,10:57,Vendas,11:45,Finalizado,Comercial,Manhã
Centro-Sul,Juliana Santos,2024-02-17,14:50,Vendas,15:06,Em Aberto,Comercial,Tarde
Loja Sul,Beatriz Lima,2024-02-06,09:44,Troca,10:38,Cancelado,Logística,Manhã
Centro-Sul,Ricardo Silva,2024-03-08,15:57,Vendas,16:39,Cancelado,Comercial,Tarde
Loja Leste,Felipe Oliveira,2024-01-14,18:36,Suporte Técnico,18:52,Em Aberto,TI,Noite
Centro-Sul,Ricardo Silva,2024-04-08,08:57,Reclamação,09:18,Em Aberto,SAC,Manhã
Sul ao Norte,Ricardo Silva,2024-05-29,14:07,Financeiro,14:42,Cancelado,Administrativo,Tarde
Express Oeste,Felipe Oliveira,2024-05-15,21:08,Financeiro,21:55,Cancelado,Administrativo,Noite
Express Oeste,Felipe Oliveira,2024-04-10,14:25,Vendas,14:53,Em Aberto,Comercial,Tarde
Nordeste,Beatriz Lima,2024-04-19,12:28,Financeiro,13:27,Finalizado,Administrativo,Tarde
Nordeste,Juliana Santos,2024-03-18,19:01,Reclamação,19:15,Cancelado,SAC,Noite
Loja Leste,Ricardo Silva,2024-02-07,14:30,Troca,14:56,Em Aberto,Logística,Tarde
Loja Norte,Juliana Santos,2024-01-07,10:02,Vendas,10:22,Finalizado,Comercial,Manhã
Express Oeste,Beatriz Lima,2024-01-29,10:30,Financeiro,10:53,Em Aberto,Administrativo,Manhã
Sul ao Norte,Ricardo Silva,2024-05-04,20:06,Vendas,20:57,Finalizado,Comercial,Noite
Loja Matriz,Amanda Costa,2024-03-07,08:46,Reclamação,09:25,Finalizado,SAC,Manhã
Loja Matriz,Juliana Santos,2024-05-12,09:26,Reclamação,10:05,Finalizado,SAC,Manhã
Nordeste,Ricardo Silva,2024-04-15,13:40,Vendas,14:37,Finalizado,Comercial,Tarde
Nordeste,Beatriz Lima,2024-05-15,13:18,Troca,14:17,Cancelado,Logística,Tarde
Sul ao Norte,Carlos Souza,2024-03-17,20:34,Financeiro,20:54,Em Aberto,Administrativo,Noite
Centro-Oesto,Ricardo Silva,2024-04-24,09:01,Suporte Técnico,09:46,Cancelado,TI,Manhã
Express Sul,Juliana Santos,2024-05-26,19:33,Suporte Técnico,19:47,Finalizado,TI,Noite
Centro-Oesto,Carlos Souza,2024-03-24,19:49,Reclamação,19:59,Cancelado,SAC,Noite
Centro-Oesto,Juliana Santos,2024-04-07,13:50,Troca,14:47,Finalizado,Logística,Tarde
Centro-Oesto,Ricardo Silva,2024-04-16,21:55,Troca,22:52,Cancelado,Logística,Noite
Sul ao Norte,Ricardo Silva,2024-01-10,11:08,Reclamação,11:19,Em Aberto,SAC,Manhã
Express Sul,Ricardo Silva,2024-04-19,20:40,Troca,21:27,Cancelado,Logística,Noite
Loja Matriz,Juliana Santos,2024-04-15,19:45,Vendas,20:30,Cancelado,Comercial,Noite
Loja Oeste,Felipe Oliveira,2024-05-14,17:48,Suporte Técnico,18:00,Em Aberto,TI,Tarde
Centro-Oesto,Juliana Santos,2024-03-14,18:21,Financeiro,18:42,Finalizado,Administrativo,Noite
Loja Sul,Ricardo Silva,2024-01-27,14:43,Suporte Técnico,15:03,Cancelado,TI,Tarde
Loja Norte,Ricardo Silva,2024-05-14,19:54,Suporte Técnico,20:11,Finalizado,TI,Noite
Noroeste,Amanda Costa,2024-04-10,21:46,Suporte Técnico,22:06,Em Aberto,TI,Noite
Centro-Sul,Carlos Souza,2024-05-07,08:34,Troca,09:18,Em Aberto,Logística,Manhã
Loja Leste,Ricardo Silva,2024-04-06,09:32,Reclamação,10:04,Em Aberto,SAC,Manhã
Noroeste,Juliana Santos,2024-02-27,15:10,Financeiro,15:59,Finalizado,Administrativo,Tarde
Loja Norte,Felipe Oliveira,2024-02-29,17:15,Troca,17:44,Cancelado,Logística,Tarde
Express Sul,Felipe Oliveira,2024-05-05,13:51,Suporte Técnico,14:01,Em Aberto,TI,Tarde
Loja Oeste,Juliana Santos,2024-01-03,18:09,Troca,18:25,Em Aberto,Logística,Noite
Sul ao Norte,Ricardo Silva,2024-01-06,17:53,Reclamação,18:30,Em Aberto,SAC,Tarde
Nordeste,Felipe Oliveira,2024-01-30,10:01,Suporte Técnico,10:27,Em Aberto,TI,Manhã
Express Oeste,Felipe Oliveira,2024-04-08,09:26,Reclamação,09:53,Cancelado,SAC,Manhã
Loja Sul,Amanda Costa,2024-02-08,17:17,Troca,17:34,Cancelado,Logística,Tarde
Loja Leste,Juliana Santos,2024-04-30,12:29,Vendas,12:45,Cancelado,Comercial,Tarde
Nordeste,Ricardo Silva,2024-04-18,08:37,Vendas,09:21,Cancelado,Comercial,Manhã
Centro-Sul,Amanda Costa,2024-01-23,20:54,Vendas,21:14,Cancelado,Comercial,Noite
Loja Leste,Felipe Oliveira,2024-01-27,15:50,Troca,16:21,Cancelado,Logística,Tarde
Loja Sul,Beatriz Lima,2024-01-26,17:46,Reclamação,18:15,Finalizado,SAC,Tarde
Nordeste,Ricardo Silva,2024-04-18,09:49,Vendas,10:25,Finalizado,Comercial,Manhã
Loja Leste,Ricardo Silva,2024-05-15,14:00,Suporte Técnico,14:50,Cancelado,TI,Tarde
Loja Oeste,Carlos Souza,2024-01-25,18:39,Financeiro,19:19,Finalizado,Administrativo,Noite
Noroeste,Amanda Costa,2024-01-22,08:09,Suporte Técnico,08:21,Cancelado,TI,Manhã
Loja Norte,Felipe Oliveira,2024-02-12,11:18,Troca,11:41,Finalizado,Logística,Manhã
Centro-Sul,Ricardo Silva,2024-05-02,15:41,Vendas,16:11,Cancelado,Comercial,Tarde
Loja Leste,Amanda Costa,2024-05-13,15:34,Troca,15:50,Cancelado,Logística,Tarde
Sul ao Norte,Felipe Oliveira,2024-05-22,20:40,Suporte Técnico,21:40,Em Aberto,TI,Noite
Centro-Oesto,Ricardo Silva,2024-03-27,13:23,Vendas,14:19,Finalizado,Comercial,Tarde
Express Oeste,Felipe Oliveira,2024-01-04,15:06,Financeiro,15:29,Em Aberto,Administrativo,Tarde
Express Sul,Felipe Oliveira,2024-04-22,16:24,Vendas,17:17,Cancelado,Comercial,Tarde
Nordeste,Juliana Santos,2024-04-22,09:48,Vendas,10:38,Finalizado,Comercial,Manhã
Express Sul,Beatriz Lima,2024-02-02,16:39,Troca,17:01,Em Aberto,Logística,Tarde
Noroeste,Amanda Costa,2024-01-05,15:22,Suporte Técnico,16:08,Cancelado,TI,Tarde
Nordeste,Amanda Costa,2024-01-24,09:51,Financeiro,10:48,Em Aberto,Administrativo,Manhã
Loja Norte,Ricardo Silva,2024-05-09,21:22,Suporte Técnico,21:56,Cancelado,TI,Noite
Loja Oeste,Juliana Santos,2024-02-14,12:55,Reclamação,13:15,Cancelado,SAC,Tarde
Nordeste,Juliana Santos,2024-04-13,15:26,Reclamação,15:52,Em Aberto,SAC,Tarde
Sul ao Norte,Juliana Santos,2024-04-09,13:16,Financeiro,14:16,Cancelado,Administrativo,Tarde
Express Sul,Ricardo Silva,2024-04-04,10:51,Suporte Técnico,11:29,Cancelado,TI,Manhã
Loja Sul,Juliana Santos,2024-02-14,12:26,Troca,12:45,Em Aberto,Logística,Tarde
Express Oeste,Felipe Oliveira,2024-04-11,12:38,Financeiro,13:20,Cancelado,Administrativo,Tarde
Noroeste,Juliana Santos,2024-05-06,14:24,Troca,14:39,Cancelado,Logística,Tarde
Loja Leste,Amanda Costa,2024-05-01,19:51,Vendas,20:27,Finalizado,Comercial,Noite
Loja Matriz,Felipe Oliveira,2024-05-21,20:30,Suporte Técnico,21:30,Cancelado,TI,Noite
Express Oeste,Ricardo Silva,2024-02-21,14:09,Suporte Técnico,14:45,Cancelado,TI,Tarde
Loja Norte,Juliana Santos,2024-02-14,08:07,Suporte Técnico,08:35,Finalizado,TI,Manhã
Centro-Oesto,Ricardo Silva,2024-03-29,21:17,Vendas,22:01,Finalizado,Comercial,Noite
Centro-Sul,Beatriz Lima,2024-02-03,20:25,Troca,20:38,Em Aberto,Logística,Noite
Sul ao Norte,Felipe Oliveira,2024-02-15,15:07,Suporte Técnico,15:58,Em Aberto,TI,Tarde
Nordeste,Juliana Santos,2024-04-30,09:29,Suporte Técnico,10:18,Finalizado,TI,Manhã
Nordeste,Beatriz Lima,2024-03-12,08:02,Vendas,08:43,Cancelado,Comercial,Manhã
Loja Oeste,Amanda Costa,2024-01-06,15:41,Troca,16:28,Cancelado,Logística,Tarde
Centro-Oesto,Amanda Costa,2024-05-03,21:56,Vendas,22:39,Cancelado,Comercial,Noite
Loja Leste,Beatriz Lima,2024-05-20,20:56,Financeiro,21:43,Cancelado,Administrativo,Noite
Loja Matriz,Carlos Souza,2024-04-13,16:50,Troca,17:06,Em Aberto,Logística,Tarde
Centro-Sul,Ricardo Silva,2024-01-19,17:01,Reclamação,17:55,Cancelado,SAC,Tarde
Loja Oeste,Juliana Santos,2024-05-11,17:49,Vendas,18:12,Cancelado,Comercial,Tarde
Loja Leste,Juliana Santos,2024-03-09,10:00,Troca,10:28,Em Aberto,Logística,Manhã
Loja Matriz,Felipe Oliveira,2024-05-29,19:23,Financeiro,19:47,Cancelado,Administrativo,Noite
Centro-Oesto,Ricardo Silva,2024-01-23,18:52,Vendas,19:13,Em Aberto,Comercial,Noite
Express Sul,Felipe Oliveira,2024-05-30,09:04,Suporte Técnico,09:16,Cancelado,TI,Manhã
Sul ao Norte,Ricardo Silva,2024-01-11,19:17,Suporte Técnico,19:34,Cancelado,TI,Noite
Centro-Oesto,Ricardo Silva,2024-03-14,16:35,Suporte Técnico,17:00,Finalizado,TI,Tarde
Loja Leste,Amanda Costa,2024-05-29,15:05,Suporte Técnico,15:44,Em Aberto,TI,Tarde
Loja Oeste,Beatriz Lima,2024-04-04,21:53,Reclamação,22:44,Cancelado,SAC,Noite
Express Oeste,Felipe Oliveira,2024-04-07,15:58,Financeiro,16:54,Cancelado,Administrativo,Tarde
Noroeste,Beatriz Lima,2024-05-28,12:38,Reclamação,12:48,Em Aberto,SAC,Tarde
Centro-Sul,Beatriz Lima,2024-02-27,16:42,Vendas,17:31,Finalizado,Comercial,Tarde
Express Sul,Amanda Costa,2024-01-11,20:58,Reclamação,21:14,Em Aberto,SAC,Noite
Noroeste,Amanda Costa,2024-04-17,21:36,Troca,21:46,Cancelado,Logística,Noite
Loja Norte,Beatriz Lima,2024-04-06,15:13,Vendas,16:02,Cancelado,Comercial,Tarde
Express Sul,Carlos Souza,2024-05-03,21:00,Financeiro,21:31,Em Aberto,Administrativo,Noite
Sul ao Norte,Carlos Souza,2024-05-08,21:32,Reclamação,21:56,Finalizado,SAC,Noite
Noroeste,Beatriz Lima,2024-04-06,13:38,Financeiro,13:58,Em Aberto,Administrativo,Tarde
Express Sul,Carlos Souza,2024-03-20,20:46,Suporte Técnico,21:20,Finalizado,TI,Noite
Sul ao Norte,Ricardo Silva,2024-04-03,21:03,Troca,21:51,Finalizado,Logística,Noite
Loja Sul,Felipe Oliveira,2024-03-12,18:31,Financeiro,18:54,Em Aberto,Administrativo,Noite
Noroeste,Amanda Costa,2024-03-01,13:50,Troca,14:27,Cancelado,Logística,Tarde
Loja Sul,Amanda Costa,2024-01-17,09:50,Vendas,10:46,Cancelado,Comercial,Manhã
Loja Norte,Juliana Santos,2024-04-04,15:47,Vendas,16:09,Em Aberto,Comercial,Tarde
Loja Leste,Beatriz Lima,2024-03-02,16:23,Reclamação,17:20,Em Aberto,SAC,Tarde
Express Oeste,Beatriz Lima,2024-02-08,18:01,Financeiro,18:48,Em Aberto,Administrativo,Noite
Loja Oeste,Juliana Santos,2024-02-26,11:56,Financeiro,12:21,Em Aberto,Administrativo,Manhã
Loja Sul,Juliana Santos,2024-04-28,12:59,Vendas,13:51,Em Aberto,Comercial,Tarde
Loja Leste,Amanda Costa,2024-04-13,16:38,Vendas,17:11,Cancelado,Comercial,Tarde
Noroeste,Felipe Oliveira,2024-03-05,21:20,Vendas,21:48,Em Aberto,Comercial,Noite
Express Oeste,Beatriz Lima,2024-01-31,08:43,Financeiro,09:20,Finalizado,Administrativo,Manhã
Centro-Sul,Carlos Souza,2024-03-21,10:55,Troca,11:27,Cancelado,Logística,Manhã
Centro-Sul,Amanda Costa,2024-01-18,08:35,Troca,09:17,Finalizado,Logística,Manhã
Express Oeste,Beatriz Lima,2024-04-22,09:14,Reclamação,10:14,Em Aberto,SAC,Manhã
Loja Norte,Carlos Souza,2024-02-17,09:29,Reclamação,10:18,Finalizado,SAC,Manhã
Centro-Sul,Felipe Oliveira,2024-04-03,10:02,Reclamação,10:17,Cancelado,SAC,Manhã
Express Oeste,Ricardo Silva,2024-02-04,11:43,Suporte Técnico,12:40,Cancelado,TI,Manhã
Loja Norte,Amanda Costa,2024-03-06,10:43,Vendas,11:19,Cancelado,Comercial,Manhã
Centro-Sul,Amanda Costa,2024-02-20,13:29,Troca,13:59,Finalizado,Logística,Tarde
Loja Sul,Ricardo Silva,2024-04-21,17:02,Troca,17:28,Em Aberto,Logística,Tarde
Express Sul,Amanda Costa,2024-05-23,10:24,Financeiro,10:54,Cancelado,Administrativo,Manhã
Loja Oeste,Ricardo Silva,2024-02-07,09:31,Suporte Técnico,09:56,Em Aberto,TI,Manhã
Nordeste,Ricardo Silva,2024-02-15,19:34,Financeiro,19:44,Em Aberto,Administrativo,Noite
Centro-Sul,Beatriz Lima,2024-04-27,14:48,Vendas,15:44,Cancelado,Comercial,Tarde
Loja Leste,Beatriz Lima,2024-01-13,10:10,Suporte Técnico,10:24,Finalizado,TI,Manhã
Loja Sul,Carlos Souza,2024-04-26,16:30,Vendas,17:12,Finalizado,Comercial,Tarde
Loja Sul,Beatriz Lima,2024-02-24,20:15,Reclamação,20:52,Em Aberto,SAC,Noite
Nordeste,Felipe Oliveira,2024-01-07,09:59,Troca,10:40,Finalizado,Logística,Manhã
Loja Sul,Carlos Souza,2024-04-21,09:04,Financeiro,10:04,Em Aberto,Administrativo,Manhã
Centro-Sul,Amanda Costa,2024-03-23,17:00,Troca,17:10,Cancelado,Logística,Tarde
Loja Norte,Juliana Santos,2024-02-06,19:01,Troca,19:46,Finalizado,Logística,Noite
Centro-Oesto,Beatriz Lima,2024-01-04,13:39,Reclamação,14:22,Finalizado,SAC,Tarde
Express Oeste,Carlos Souza,2024-05-24,21:45,Financeiro,22:22,Cancelado,Administrativo,Noite
Loja Oeste,Juliana Santos,2024-03-25,08:05,Financeiro,08:46,Cancelado,Administrativo,Manhã
Loja Leste,Juliana Santos,2024-02-29,19:38,Vendas,20:21,Cancelado,Comercial,Noite
Loja Sul,Ricardo Silva,2024-01-12,10:20,Reclamação,11:05,Em Aberto,SAC,Manhã
Sul ao Norte,Juliana Santos,2024-01-03,17:59,Financeiro,18:23,Em Aberto,Administrativo,Tarde
Centro-Sul,Felipe Oliveira,2024-02-11,19:41,Financeiro,20:05,Finalizado,Administrativo,Noite
Centro-Sul,Juliana Santos,2024-03-31,14:03,Vendas,14:20,Cancelado,Comercial,Tarde
Sul ao Norte,Amanda Costa,2024-01-08,19:22,Reclamação,19:43,Finalizado,SAC,Noite
Centro-Sul,Beatriz Lima,2024-03-10,18:43,Suporte Técnico,19:34,Em Aberto,TI,Noite
Express Sul,Ricardo Silva,2024-03-02,16:36,Financeiro,17:08,Cancelado,Administrativo,Tarde
Loja Leste,Ricardo Silva,2024-05-24,09:59,Financeiro,10:41,Finalizado,Administrativo,Manhã
Loja Sul,Carlos Souza,2024-03-16,20:59,Financeiro,21:13,Em Aberto,Administrativo,Noite
Loja Sul,Amanda Costa,2024-04-22,12:49,Troca,13:03,Em Aberto,Logística,Tarde
Express Oeste,Carlos Souza,2024-05-27,21:19,Reclamação,21:57,Finalizado,SAC,Noite
Centro-Sul,Ricardo Silva,2024-03-15,18:17,Vendas,18:30,Finalizado,Comercial,Noite
Loja Norte,Amanda Costa,2024-05-23,14:45,Vendas,15:13,Em Aberto,Comercial,Tarde
Centro-Oesto,Amanda Costa,2024-04-26,16:11,Reclamação,17:02,Em Aberto,SAC,Tarde
Centro-Sul,Felipe Oliveira,2024-05-12,14:44,Troca,15:04,Em Aberto,Logística,Tarde
Loja Sul,Ricardo Silva,2024-02-10,14:10,Vendas,14:55,Finalizado,Comercial,Tarde
Sul ao Norte,Amanda Costa,2024-01-26,08:09,Vendas,08:58,Cancelado,Comercial,Manhã
Nordeste,Beatriz Lima,2024-03-15,10:30,Financeiro,11:28,Cancelado,Administrativo,Manhã
Express Sul,Beatriz Lima,2024-03-31,15:20,Vendas,16:01,Cancelado,Comercial,Tarde
Loja Leste,Beatriz Lima,2024-01-05,17:13,Financeiro,17:37,Em Aberto,Administrativo,Tarde
Express Oeste,Beatriz Lima,2024-03-19,18:29,Reclamação,19:01,Em Aberto,SAC,Noite
Loja Matriz,Carlos Souza,2024-05-28,12:51,Reclamação,13:10,Cancelado,SAC,Tarde
Loja Leste,Beatriz Lima,2024-01-24,19:35,Vendas,19:57,Finalizado,Comercial,Noite
Express Sul,Felipe Oliveira,2024-01-11,08:51,Financeiro,09:22,Finalizado,Administrativo,Manhã
Nordeste,Beatriz Lima,2024-03-21,11:26,Troca,11:44,Finalizado,Logística,Manhã
Centro-Sul,Amanda Costa,2024-03-26,17:22,Financeiro,17:43,Cancelado,Administrativo,Tarde
Express Sul,Carlos Souza,2024-05-05,16:33,Suporte Técnico,16:52,Finalizado,TI,Tarde
Nordeste,Beatriz Lima,2024-04-11,13:11,Reclamação,13:48,Finalizado,SAC,Tarde
Nordeste,Felipe Oliveira,2024-01-05,11:24,Troca,11:58,Em Aberto,Logística,Manhã
Centro-Sul,Amanda Costa,2024-03-27,16:34,Financeiro,16:47,Cancelado,Administrativo,Tarde
Nordeste,Amanda Costa,2024-02-29,11:11,Financeiro,12:00,Cancelado,Administrativo,Manhã
Express Sul,Ricardo Silva,2024-01-26,16:49,Vendas,17:23,Finalizado,Comercial,Tarde
Loja Leste,Juliana Santos,2024-03-08,19:06,Financeiro,19:29,Cancelado,Administrativo,Noite
Loja Matriz,Juliana Santos,2024-05-08,15:28,Reclamação,16:04,Finalizado,SAC,Tarde
Noroeste,Carlos Souza,2024-03-27,14:46,Financeiro,15:40,Finalizado,Administrativo,Tarde
Loja Leste,Ricardo Silva,2024-05-12,09:20,Financeiro,09:51,Em Aberto,Administrativo,Manhã
Loja Norte,Felipe Oliveira,2024-02-28,11:31,Financeiro,12:11,Em Aberto,Administrativo,Manhã
Loja Matriz,Felipe Oliveira,2024-03-23,11:09,Suporte Técnico,11:23,Em Aberto,TI,Manhã
Express Oeste,Juliana Santos,2024-02-06,09:47,Suporte Técnico,10:34,Cancelado,TI,Manhã
Noroeste,Beatriz Lima,2024-01-28,19:00,Financeiro,19:49,Cancelado,Administrativo,Noite
Noroeste,Amanda Costa,2024-05-29,21:33,Reclamação,22:11,Cancelado,SAC,Noite
Nordeste,Felipe Oliveira,2024-04-05,09:50,Troca,10:06,Cancelado,Logística,Manhã
Loja Oeste,Carlos Souza,2024-01-14,10:49,Troca,11:06,Finalizado,Logística,Manhã
Centro-Oesto,Carlos Souza,2024-01-15,08:23,Reclamação,09:03,Em Aberto,SAC,Manhã
Nordeste,Ricardo Silva,2024-02-25,10:22,Financeiro,11:18,Em Aberto,Administrativo,Manhã
Nordeste,Felipe Oliveira,2024-04-07,10:42,Troca,11:14,Cancelado,Logística,Manhã
Loja Matriz,Carlos Souza,2024-02-12,16:54,Reclamação,17:20,Em Aberto,SAC,Tarde
Centro-Oesto,Felipe Oliveira,2024-04-27,17:04,Vendas,17:36,Em Aberto,Comercial,Tarde
Express Sul,Felipe Oliveira,2024-01-15,11:31,Suporte Técnico,12:21,Em Aberto,TI,Manhã
Loja Leste,Beatriz Lima,2024-04-23,09:29,Troca,10:19,Cancelado,Logística,Manhã
Sul ao Norte,Beatriz Lima,2024-01-06,09:05,Financeiro,09:54,Finalizado,Administrativo,Manhã
Sul ao Norte,Beatriz Lima,2024-03-31,21:35,Suporte Técnico,22:30,Em Aberto,TI,Noite
Loja Norte,Ricardo Silva,2024-03-16,10:46,Troca,11:28,Cancelado,Logística,Manhã
Loja Sul,Carlos Souza,2024-05-28,13:05,Vendas,13:41,Em Aberto,Comercial,Tarde
Loja Sul,Carlos Souza,2024-04-01,18:04,Suporte Técnico,18:50,Em Aberto,TI,Noite
Express Oeste,Juliana Santos,2024-01-24,09:02,Financeiro,09:59,Finalizado,Administrativo,Manhã
Loja Oeste,Carlos Souza,2024-01-11,11:35,Troca,12:01,Cancelado,Logística,Manhã
Nordeste,Amanda Costa,2024-04-16,20:33,Reclamação,21:22,Em Aberto,SAC,Noite
Loja Sul,Juliana Santos,2024-03-05,18:19,Troca,19:02,Em Aberto,Logística,Noite
Express Oeste,Ricardo Silva,2024-04-12,08:39,Financeiro,09:26,Finalizado,Administrativo,Manhã
Centro-Sul,Amanda Costa,2024-05-27,17:40,Suporte Técnico,18:34,Cancelado,TI,Tarde
Express Sul,Beatriz Lima,2024-05-18,18:38,Troca,19:28,Em Aberto,Logística,Noite
Centro-Sul,Amanda Costa,2024-04-09,10:28,Suporte Técnico,10:54,Finalizado,TI,Manhã
Loja Matriz,Ricardo Silva,2024-02-22,20:48,Financeiro,21:00,Em Aberto,Administrativo,Noite
Loja Matriz,Beatriz Lima,2024-01-04,20:53,Vendas,21:24,Em Aberto,Comercial,Noite
Loja Norte,Beatriz Lima,2024-03-28,21:37,Financeiro,21:51,Cancelado,Administrativo,Noite
Express Sul,Amanda Costa,2024-05-14,16:37,Suporte Técnico,17:02,Finalizado,TI,Tarde
Loja Leste,Felipe Oliveira,2024-03-05,17:06,Reclamação,17:39,Em Aberto,SAC,Tarde
Loja Oeste,Ricardo Silva,2024-03-22,09:35,Troca,10:17,Finalizado,Logística,Manhã
Loja Oeste,Amanda Costa,2024-02-26,08:49,Financeiro,09:30,Cancelado,Administrativo,Manhã
Centro-Sul,Felipe Oliveira,2024-01-07,16:16,Financeiro,16:35,Em Aberto,Administrativo,Tarde
Loja Matriz,Felipe Oliveira,2024-05-18,14:12,Reclamação,14:53,Em Aberto,SAC,Tarde
Loja Sul,Carlos Souza,2024-01-24,14:13,Reclamação,14:56,Cancelado,SAC,Tarde
Loja Matriz,Felipe Oliveira,2024-05-15,10:41,Vendas,11:02,Cancelado,Comercial,Manhã
Loja Norte,Carlos Souza,2024-01-15,17:23,Vendas,18:09,Finalizado,Comercial,Tarde
Noroeste,Beatriz Lima,2024-04-22,12:08,Financeiro,12:56,Cancelado,Administrativo,Tarde
Loja Oeste,Felipe Oliveira,2024-05-12,10:25,Troca,11:17,Em Aberto,Logística,Manhã
Nordeste,Beatriz Lima,2024-03-18,20:55,Financeiro,21:52,Cancelado,Administrativo,Noite
Noroeste,Amanda Costa,2024-02-13,14:49,Reclamação,15:21,Finalizado,SAC,Tarde
Loja Leste,Carlos Souza,2024-03-17,19:22,Suporte Técnico,19:42,Finalizado,TI,Noite
Express Sul,Ricardo Silva,2024-05-24,09:45,Troca,10:03,Finalizado,Logística,Manhã
Loja Sul,Ricardo Silva,2024-01-26,13:06,Reclamação,13:59,Finalizado,SAC,Tarde
Centro-Sul,Ricardo Silva,2024-01-26,19:25,Reclamação,19:47,Em Aberto,SAC,Noite
Loja Matriz,Beatriz Lima,2024-05-07,21:48,Financeiro,22:17,Em Aberto,Administrativo,Noite
Centro-Oesto,Amanda Costa,2024-01-29,18:33,Suporte Técnico,18:49,Finalizado,TI,Noite
Express Oeste,Ricardo Silva,2024-03-07,09:19,Reclamação,10:16,Cancelado,SAC,Manhã
Loja Sul,Felipe Oliveira,2024-05-28,21:51,Troca,22:16,Finalizado,Logística,Noite
Loja Norte,Felipe Oliveira,2024-03-22,12:00,Reclamação,12:35,Finalizado,SAC,Tarde
Centro-Oesto,Beatriz Lima,2024-03-29,12:42,Financeiro,13:17,Cancelado,Administrativo,Tarde
Noroeste,Juliana Santos,2024-03-24,14:06,Reclamação,14:53,Cancelado,SAC,Tarde
Nordeste,Amanda Costa,2024-04-25,21:22,Vendas,22:19,Cancelado,Comercial,Noite
Loja Matriz,Beatriz Lima,2024-02-09,20:51,Reclamação,21:31,Em Aberto,SAC,Noite
Loja Matriz,Beatriz Lima,2024-01-20,21:42,Suporte Técnico,22:06,Cancelado,TI,Noite
Express Sul,Ricardo Silva,2024-03-02,21:01,Vendas,21:37,Cancelado,Comercial,Noite
Centro-Sul,Beatriz Lima,2024-04-29,10:08,Reclamação,10:45,Em Aberto,SAC,Manhã
Express Oeste,Carlos Souza,2024-05-22,09:15,Reclamação,09:59,Finalizado,SAC,Manhã
Noroeste,Amanda Costa,2024-05-11,13:40,Troca,14:00,Finalizado,Logística,Tarde
Loja Matriz,Amanda Costa,2024-01-21,08:35,Reclamação,09:30,Finalizado,SAC,Manhã
Noroeste,Beatriz Lima,2024-05-03,18:22,Financeiro,18:43,Finalizado,Administrativo,Noite
Sul ao Norte,Beatriz Lima,2024-03-16,18:35,Suporte Técnico,18:57,Em Aberto,TI,Noite
Centro-Sul,Felipe Oliveira,2024-02-27,10:17,Reclamação,10:34,Em Aberto,SAC,Manhã
Nordeste,Felipe Oliveira,2024-05-16,08:26,Vendas,09:11,Cancelado,Comercial,Manhã
Noroeste,Felipe Oliveira,2024-03-09,15:25,Suporte Técnico,15:36,Em Aberto,TI,Tarde
Loja Matriz,Juliana Santos,2024-01-22,21:12,Vendas,22:09,Cancelado,Comercial,Noite
Noroeste,Ricardo Silva,2024-01-29,17:32,Troca,18:01,Cancelado,Logística,Tarde
Loja Leste,Beatriz Lima,2024-01-19,11:37,Vendas,12:03,Em Aberto,Comercial,Manhã
Loja Norte,Carlos Souza,2024-05-10,08:22,Suporte Técnico,08:38,Cancelado,TI,Manhã
Loja Matriz,Carlos Souza,2024-01-18,10:37,Suporte Técnico,10:55,Finalizado,TI,Manhã
Sul ao Norte,Amanda Costa,2024-03-26,10:14,Financeiro,10:48,Finalizado,Administrativo,Manhã
Loja Leste,Carlos Souza,2024-02-26,11:19,Reclamação,11:43,Em Aberto,SAC,Manhã
Loja Oeste,Felipe Oliveira,2024-02-01,09:54,Troca,10:33,Em Aberto,Logística,Manhã
Sul ao Norte,Juliana Santos,2024-04-22,09:51,Suporte Técnico,10:16,Em Aberto,TI,Manhã
Noroeste,Felipe Oliveira,2024-03-04,19:32,Financeiro,20:10,Finalizado,Administrativo,Noite
Loja Leste,Beatriz Lima,2024-04-15,08:33,Troca,09:31,Finalizado,Logística,Manhã
Loja Sul,Juliana Santos,2024-04-07,12:38,Vendas,13:28,Cancelado,Comercial,Tarde
Nordeste,Ricardo Silva,2024-04-19,16:44,Suporte Técnico,17:25,Em Aberto,TI,Tarde
Loja Sul,Felipe Oliveira,2024-01-11,08:46,Vendas,09:12,Finalizado,Comercial,Manhã
Loja Norte,Ricardo Silva,2024-01-09,08:51,Reclamação,09:31,Cancelado,SAC,Manhã
Noroeste,Amanda Costa,2024-04-06,08:11,Suporte Técnico,08:41,Cancelado,TI,Manhã
Nordeste,Carlos Souza,2024-05-11,14:43,Vendas,15:42,Cancelado,Comercial,Tarde
Loja Oeste,Carlos Souza,2024-02-24,11:28,Suporte Técnico,11:42,Em Aberto,TI,Manhã
Centro-Oesto,Ricardo Silva,2024-01-15,12:04,Financeiro,12:18,Em Aberto,Administrativo,Tarde
Loja Sul,Ricardo Silva,2024-04-11,15:42,Troca,16:30,Finalizado,Logística,Tarde
Loja Leste,Beatriz Lima,2024-04-18,13:35,Troca,14:26,Finalizado,Logística,Tarde
Loja Oeste,Felipe Oliveira,2024-04-16,20:45,Vendas,21:43,Cancelado,Comercial,Noite
Loja Matriz,Beatriz Lima,2024-04-08,09:24,Financeiro,09:51,Finalizado,Administrativo,Manhã
Express Sul,Beatriz Lima,2024-04-11,13:02,Reclamação,13:59,Cancelado,SAC,Tarde
Sul ao Norte,Ricardo Silva,2024-04-24,18:28,Vendas,19:16,Finalizado,Comercial,Noite
Centro-Sul,Beatriz Lima,2024-02-27,13:18,Troca,13:35,Finalizado,Logística,Tarde
Centro-Sul,Carlos Souza,2024-02-11,18:04,Troca,18:56,Finalizado,Logística,Noite
Centro-Sul,Ricardo Silva,2024-02-07,18:27,Reclamação,19:23,Cancelado,SAC,Noite
Centro-Sul,Felipe Oliveira,2024-03-17,18:50,Troca,19:17,Cancelado,Logística,Noite
Loja Leste,Felipe Oliveira,2024-05-01,19:07,Financeiro,19:50,Em Aberto,Administrativo,Noite
Loja Oeste,Beatriz Lima,2024-03-14,20:44,Vendas,20:54,Cancelado,Comercial,Noite
Loja Oeste,Carlos Souza,2024-05-14,10:39,Reclamação,11:03,Cancelado,SAC,Manhã
Centro-Sul,Juliana Santos,2024-03-25,20:44,Financeiro,21:06,Cancelado,Administrativo,Noite
Loja Oeste,Carlos Souza,2024-05-11,12:56,Troca,13:56,Cancelado,Logística,Tarde
Nordeste,Beatriz Lima,2024-04-17,10:19,Troca,10:56,Cancelado,Logística,Manhã
Nordeste,Juliana Santos,2024-05-09,11:50,Troca,12:44,Em Aberto,Logística,Manhã
Loja Matriz,Juliana Santos,2024-05-03,09:14,Reclamação,09:49,Finalizado,SAC,Manhã
Loja Norte,Amanda Costa,2024-05-01,15:43,Troca,16:41,Finalizado,Logística,Tarde
Loja Matriz,Felipe Oliveira,2024-05-13,16:06,Reclamação,16:32,Finalizado,SAC,Tarde
Loja Oeste,Ricardo Silva,2024-04-25,08:15,Suporte Técnico,08:39,Cancelado,TI,Manhã
Express Sul,Beatriz Lima,2024-03-23,15:09,Financeiro,16:09,Finalizado,Administrativo,Tarde
Loja Oeste,Carlos Souza,2024-04-01,12:44,Financeiro,12:54,Finalizado,Administrativo,Tarde
Loja Leste,Juliana Santos,2024-03-10,18:38,Vendas,18:49,Em Aberto,Comercial,Noite
Express Oeste,Felipe Oliveira,2024-05-28,18:04,Vendas,18:31,Finalizado,Comercial,Noite
Loja Sul,Beatriz Lima,2024-01-23,17:36,Suporte Técnico,18:01,Cancelado,TI,Tarde
Loja Matriz,Juliana Santos,2024-04-12,13:01,Financeiro,13:35,Finalizado,Administrativo,Tarde
Express Oeste,Amanda Costa,2024-03-31,17:00,Troca,17:56,Em Aberto,Logística,Tarde
Nordeste,Carlos Souza,2024-03-26,19:17,Reclamação,19:30,Cancelado,SAC,Noite
Loja Sul,Carlos Souza,2024-04-05,11:22,Reclamação,11:45,Em Aberto,SAC,Manhã
Nordeste,Juliana Santos,2024-04-25,10:34,Financeiro,10:59,Em Aberto,Administrativo,Manhã
Express Sul,Beatriz Lima,2024-03-25,10:22,Vendas,10:55,Em Aberto,Comercial,Manhã
Loja Sul,Felipe Oliveira,2024-02-16,21:56,Financeiro,22:35,Em Aberto,Administrativo,Noite
Loja Norte,Felipe Oliveira,2024-02-19,08:01,Financeiro,08:27,Finalizado,Administrativo,Manhã
Express Oeste,Carlos Souza,2024-01-12,17:22,Reclamação,18:15,Em Aberto,SAC,Tarde
Loja Norte,Carlos Souza,2024-01-11,08:49,Reclamação,09:32,Finalizado,SAC,Manhã
Nordeste,Beatriz Lima,2024-01-17,21:33,Financeiro,22:02,Em Aberto,Administrativo,Noite
Loja Leste,Beatriz Lima,2024-04-07,13:32,Financeiro,14:00,Cancelado,Administrativo,Tarde
Centro-Oesto,Amanda Costa,2024-02-13,09:27,Financeiro,09:41,Em Aberto,Administrativo,Manhã
Loja Leste,Amanda Costa,2024-01-04,13:33,Troca,13:56,Finalizado,Logística,Tarde
Express Oeste,Carlos Souza,2024-03-14,14:00,Financeiro,14:56,Finalizado,Administrativo,Tarde
Centro-Oesto,Beatriz Lima,2024-03-04,18:02,Reclamação,18:32,Cancelado,SAC,Noite
Express Oeste,Amanda Costa,2024-03-01,21:33,Vendas,22:28,Em Aberto,Comercial,Noite
Noroeste,Carlos Souza,2024-02-01,14:28,Troca,15:12,Em Aberto,Logística,Tarde
Loja Leste,Carlos Souza,2024-05-01,16:58,Vendas,17:10,Em Aberto,Comercial,Tarde
Centro-Sul,Carlos Souza,2024-03-08,18:10,Suporte Técnico,18:48,Cancelado,TI,Noite
Nordeste,Felipe Oliveira,2024-05-18,21:03,Troca,21:35,Cancelado,Logística,Noite
Sul ao Norte,Amanda Costa,2024-04-05,18:05,Suporte Técnico,18:45,Cancelado,TI,Noite
Sul ao Norte,Ricardo Silva,2024-05-16,13:20,Reclamação,14:14,Finalizado,SAC,Tarde
Nordeste,Felipe Oliveira,2024-01-18,17:52,Reclamação,18:18,Cancelado,SAC,Tarde
Express Oeste,Beatriz Lima,2024-01-23,10:16,Reclamação,11:00,Em Aberto,SAC,Manhã
Loja Sul,Ricardo Silva,2024-03-08,14:29,Suporte Técnico,15:26,Em Aberto,TI,Tarde
Loja Oeste,Felipe Oliveira,2024-05-23,10:22,Financeiro,11:19,Finalizado,Administrativo,Manhã
Centro-Sul,Carlos Souza,2024-03-27,13:52,Financeiro,14:26,Cancelado,Administrativo,Manhã
Nordeste,Beatriz Lima,2024-04-01,15:16,Suporte Técnico,15:49,Em Aberto,TI,Tarde
Express Sul,Felipe Oliveira,2024-05-25,18:31,Troca,18:56,Finalizado,Logística,Noite
Loja Leste,Amanda Costa,2024-04-09,10:48,Vendas,11:04,Cancelado,Comercial,Manhã
Centro-Sul,Beatriz Lima,2024-02-13,15:22,Suporte Técnico,16:19,Finalizado,TI,Manhã
Express Sul,Ricardo Silva,2024-04-06,15:23,Reclamação,16:12,Finalizado,SAC,Manhã
Nordeste,Juliana Santos,2024-01-17,16:36,Financeiro,17:18,Em Aberto,Administrativo,Manhã
Express Sul,Beatriz Lima,2024-04-22,21:26,Financeiro,22:25,Finalizado,Administrativo,Noite
Loja Norte,Carlos Souza,2024-05-18,20:38,Reclamação,21:30,Em Aberto,SAC,Noite
Noroeste,Felipe Oliveira,2024-05-15,20:02,Financeiro,20:45,Finalizado,Administrativo,Noite
Nordeste,Juliana Santos,2024-04-03,18:55,Reclamação,19:10,Em Aberto,SAC,Noite
Loja Norte,Beatriz Lima,2024-03-10,20:24,Troca,21:13,Finalizado,Logística,Noite
Nordeste,Beatriz Lima,2024-02-29,15:21,Reclamação,16:08,Cancelado,SAC,Manhã
Sul ao Norte,Beatriz Lima,2024-03-28,12:13,Financeiro,13:03,Finalizado,Administrativo,Manhã
Nordeste,Ricardo Silva,2024-01-14,09:07,Reclamação,09:52,Cancelado,SAC,Manhã
Loja Leste,Beatriz Lima,2024-01-23,12:52,Reclamação,13:36,Em Aberto,SAC,Manhã
Loja Norte,Ricardo Silva,2024-05-10,18:26,Reclamação,18:45,Cancelado,SAC,Noite
Nordeste,Amanda Costa,2024-05-18,10:28,Reclamação,10:45,Cancelado,SAC,Manhã
Loja Oeste,Beatriz Lima,2024-03-02,12:24,Reclamação,13:00,Em Aberto,SAC,Manhã
Centro-Sul,Amanda Costa,2024-03-30,12:43,Financeiro,12:58,Cancelado,Administrativo,Manhã
Noroeste,Carlos Souza,2024-04-19,11:16,Suporte Técnico,12:15,Cancelado,TI,Manhã
Nordeste,Amanda Costa,2024-03-27,09:47,Vendas,10:43,Cancelado,Comercial,Manhã
Express Sul,Beatriz Lima,2024-04-05,14:55,Vendas,15:23,Em Aberto,Comercial,Manhã
Loja Sul,Ricardo Silva,2024-02-23,11:27,Suporte Técnico,11:55,Cancelado,TI,Manhã
Loja Oeste,Juliana Santos,2024-05-05,18:41,Vendas,18:51,Finalizado,Comercial,Noite
Loja Oeste,Beatriz Lima,2024-01-07,13:24,Financeiro,13:48,Em Aberto,Administrativo,Manhã
Centro-Sul,Carlos Souza,2024-02-15,17:18,Suporte Técnico,17:52,Em Aberto,TI,Manhã
Express Oeste,Ricardo Silva,2024-02-08,16:05,Vendas,16:40,Em Aberto,Comercial,Manhã
Loja Matriz,Juliana Santos,2024-03-20,15:46,Troca,16:12,Em Aberto,Logística,Manhã
Express Sul,Ricardo Silva,2024-03-27,12:55,Troca,13:46,Em Aberto,Logística,Manhã
Express Sul,Amanda Costa,2024-01-29,12:29,Troca,13:14,Finalizado,Logística,Manhã
Loja Sul,Juliana Santos,2024-05-08,11:43,Financeiro,11:55,Em Aberto,Administrativo,Manhã
Loja Matriz,Juliana Santos,2024-04-20,09:42,Vendas,10:29,Finalizado,Comercial,Manhã
Loja Oeste,Felipe Oliveira,2024-02-16,19:30,Vendas,19:44,Em Aberto,Comercial,Noite
Centro-Sul,Carlos Souza,2024-01-16,08:56,Financeiro,09:50,Em Aberto,Administrativo,Manhã
Loja Oeste,Juliana Santos,2024-04-27,18:47,Vendas,19:39,Em Aberto,Comercial,Noite
Nordeste,Carlos Souza,2024-01-21,16:47,Financeiro,17:07,Em Aberto,Administrativo,Manhã
Loja Matriz,Juliana Santos,2024-01-16,16:59,Financeiro,17:22,Cancelado,Administrativo,Manhã
Loja Oeste,Carlos Souza,2024-04-03,15:08,Vendas,15:54,Em Aberto,Comercial,Manhã
Centro-Oesto,Beatriz Lima,2024-05-18,17:47,Suporte Técnico,18:31,Em Aberto,TI,Manhã
Nordeste,Felipe Oliveira,2024-05-08,17:39,Suporte Técnico,18:02,Em Aberto,TI,Manhã
Loja Sul,Juliana Santos,2024-05-16,16:20,Suporte Técnico,17:06,Cancelado,TI,Manhã
Loja Matriz,Amanda Costa,2024-03-23,18:26,Vendas,18:59,Finalizado,Comercial,Noite
Centro-Sul,Juliana Santos,2024-04-11,13:26,Suporte Técnico,13:54,Em Aberto,TI,Manhã
Noroeste,Beatriz Lima,2024-01-07,16:25,Reclamação,16:56,Finalizado,SAC,Manhã
Loja Matriz,Ricardo Silva,2024-04-16,21:31,Suporte Técnico,22:00,Cancelado,TI,Noite
Nordeste,Felipe Oliveira,2024-03-16,10:29,Reclamação,11:03,Cancelado,SAC,Manhã
Loja Oeste,Juliana Santos,2024-04-15,20:30,Financeiro,21:22,Cancelado,Administrativo,Noite
Sul ao Norte,Juliana Santos,2024-02-09,11:22,Reclamação,11:51,Em Aberto,SAC,Manhã
Loja Matriz,Amanda Costa,2024-01-27,16:07,Financeiro,16:56,Finalizado,Administrativo,Tarde
Loja Oeste,Juliana Santos,2024-05-06,18:18,Troca,18:44,Finalizado,Logística,Noite
Nordeste,Juliana Santos,2024-03-17,19:18,Suporte Técnico,19:34,Finalizado,TI,Noite
Express Oeste,Carlos Souza,2024-01-14,18:46,Financeiro,19:30,Finalizado,Administrativo,Noite
Loja Leste,Carlos Souza,2024-05-27,16:45,Financeiro,17:04,Em Aberto,Administrativo,Manhã
Loja Sul,Beatriz Lima,2024-02-06,10:01,Financeiro,10:11,Em Aberto,Administrativo,Manhã
Centro-Sul,Juliana Santos,2024-03-20,08:13,Financeiro,08:28,Finalizado,Administrativo,Manhã
Sul ao Norte,Ricardo Silva,2024-01-13,08:55,Vendas,09:19,Cancelado,Comercial,Manhã
Sul ao Norte,Carlos Souza,2024-05-22,17:08,Suporte Técnico,17:35,Finalizado,TI,Manhã
Loja Oeste,Juliana Santos,2024-02-12,15:03,Reclamação,15:38,Cancelado,SAC,Manhã
Loja Leste,Amanda Costa,2024-05-18,18:33,Reclamação,18:46,Cancelado,SAC,Noite
Noroeste,Amanda Costa,2024-01-29,18:21,Financeiro,18:53,Cancelado,Administrativo,Noite
Loja Sul,Carlos Souza,2024-03-20,14:17,Financeiro,14:29,Cancelado,Administrativo,Manhã
Express Sul,Juliana Santos,2024-05-24,08:01,Reclamação,08:31,Finalizado,SAC,Manhã
Loja Oeste,Carlos Souza,2024-04-27,21:54,Vendas,22:50,Cancelado,Comercial,Noite
Nordeste,Felipe Oliveira,2024-04-26,19:24,Reclamação,20:01,Em Aberto,SAC,Noite
Express Oeste,Beatriz Lima,2024-04-05,09:02,Vendas,09:47,Em Aberto,Comercial,Manhã
Loja Norte,Juliana Santos,2024-02-22,17:58,Troca,18:54,Cancelado,Logística,Manhã
Express Sul,Ricardo Silva,2024-03-08,17:35,Reclamação,17:54,Cancelado,SAC,Manhã
Loja Sul,Ricardo Silva,2024-03-29,09:27,Vendas,09:46,Finalizado,Comercial,Manhã
Loja Matriz,Amanda Costa,2024-02-07,12:39,Suporte Técnico,13:36,Cancelado,TI,Manhã
Centro-Sul,Ricardo Silva,2024-05-01,10:59,Reclamação,11:55,Cancelado,SAC,Manhã
Loja Oeste,Felipe Oliveira,2024-01-30,08:38,Troca,09:10,Finalizado,Logística,Manhã
Loja Matriz,Carlos Souza,2024-03-17,21:16,Vendas,21:41,Em Aberto,Comercial,Noite
Express Oeste,Beatriz Lima,2024-01-30,10:26,Vendas,11:01,Cancelado,Comercial,Manhã
Centro-Oesto,Ricardo Silva,2024-02-01,14:21,Troca,15:04,Finalizado,Logística,Manhã
Noroeste,Beatriz Lima,2024-02-15,08:45,Vendas,09:25,Cancelado,Comercial,Manhã
Centro-Sul,Amanda Costa,2024-05-04,16:50,Vendas,17:07,Cancelado,Comercial,Manhã
Loja Matriz,Beatriz Lima,2024-04-10,17:50,Vendas,18:17,Cancelado,Comercial,Manhã
Sul ao Norte,Beatriz Lima,2024-01-14,09:10,Troca,09:41,Cancelado,Logística,Manhã
Sul ao Norte,Beatriz Lima,2024-02-12,20:51,Troca,21:21,Finalizado,Logística,Noite
Loja Oeste,Felipe Oliveira,2024-04-29,13:43,Financeiro,14:23,Finalizado,Administrativo,Manhã
Nordeste,Carlos Souza,2024-03-11,08:47,Vendas,09:04,Em Aberto,Comercial,Manhã
Loja Matriz,Beatriz Lima,2024-05-24,13:43,Vendas,14:01,Finalizado,Comercial,Manhã
Noroeste,Ricardo Silva,2024-02-12,12:24,Suporte Técnico,13:16,Em Aberto,TI,Manhã
Noroeste,Ricardo Silva,2024-02-20,15:40,Financeiro,16:24,Em Aberto,Administrativo,Manhã
Loja Leste,Felipe Oliveira,2024-02-24,19:25,Troca,20:02,Em Aberto,Logística,Noite
Nordeste,Ricardo Silva,2024-03-11,10:13,Suporte Técnico,10:45,Em Aberto,TI,Manhã
Centro-Sul,Felipe Oliveira,2024-01-03,20:25,Suporte Técnico,20:58,Finalizado,TI,Noite
Express Oeste,Carlos Souza,2024-04-20,10:01,Suporte Técnico,10:33,Finalizado,TI,Manhã
Sul ao Norte,Beatriz Lima,2024-04-29,16:39,Vendas,17:24,Em Aberto,Comercial,Manhã
Centro-Oesto,Felipe Oliveira,2024-03-22,18:07,Vendas,18:38,Em Aberto,Comercial,Noite
Express Oeste,Carlos Souza,2024-01-23,13:30,Reclamação,14:10,Cancelado,SAC,Manhã
Noroeste,Felipe Oliveira,2024-01-18,14:30,Vendas,14:55,Finalizado,Comercial,Manhã
Centro-Oesto,Felipe Oliveira,2024-05-22,14:31,Vendas,15:31,Cancelado,Comercial,Manhã
Express Oeste,Felipe Oliveira,2024-02-27,10:25,Financeiro,11:00,Em Aberto,Administrativo,Manhã
Nordeste,Beatriz Lima,2024-04-28,13:34,Vendas,13:45,Finalizado,Comercial,Manhã
Sul ao Norte,Ricardo Silva,2024-02-08,17:47,Financeiro,18:09,Finalizado,Administrativo,Manhã
Centro-Oesto,Carlos Souza,2024-05-21,18:43,Reclamação,19:05,Em Aberto,SAC,Noite
Loja Oeste,Ricardo Silva,2024-03-28,10:05,Financeiro,10:56,Cancelado,Administrativo,Manhã
Sul ao Norte,Ricardo Silva,2024-02-06,11:55,Reclamação,12:06,Finalizado,SAC,Manhã
Noroeste,Beatriz Lima,2024-04-04,15:20,Suporte Técnico,16:14,Finalizado,TI,Manhã
Loja Norte,Ricardo Silva,2024-01-02,15:16,Suporte Técnico,16:11,Cancelado,TI,Manhã
Sul ao Norte,Felipe Oliveira,2024-02-18,12:42,Suporte Técnico,13:09,Cancelado,TI,Manhã
Centro-Sul,Beatriz Lima,2024-04-18,19:02,Vendas,19:50,Em Aberto,Comercial,Noite
Loja Sul,Juliana Santos,2024-04-10,14:43,Reclamação,15:21,Em Aberto,SAC,Manhã
Sul ao Norte,Juliana Santos,2024-04-03,20:26,Reclamação,21:15,Finalizado,SAC,Noite
Loja Matriz,Amanda Costa,2024-05-07,15:46,Suporte Técnico,16:39,Cancelado,TI,Manhã
Loja Leste,Felipe Oliveira,2024-03-13,11:01,Vendas,11:23,Finalizado,Comercial,Manhã
Nordeste,Beatriz Lima,2024-02-07,20:58,Vendas,21:51,Finalizado,Comercial,Noite
Loja Leste,Carlos Souza,2024-03-02,20:41,Vendas,21:23,Em Aberto,Comercial,Noite
Loja Oeste,Beatriz Lima,2024-05-24,20:56,Reclamação,21:23,Finalizado,SAC,Noite
Nordeste,Juliana Santos,2024-05-03,21:57,Troca,22:27,Finalizado,Logística,Noite
Sul ao Norte,Felipe Oliveira,2024-03-02,09:27,Troca,09:54,Cancelado,Logística,Manhã
Nordeste,Felipe Oliveira,2024-02-13,11:42,Financeiro,12:10,Em Aberto,Administrativo,Manhã
Loja Sul,Carlos Souza,2024-02-12,15:43,Financeiro,16:37,Cancelado,Administrativo,Tarde
Loja Sul,Ricardo Silva,2024-05-30,15:58,Vendas,16:48,Cancelado,Comercial,Tarde
Noroeste,Felipe Oliveira,2024-01-07,10:36,Suporte Técnico,11:19,Finalizado,TI,Manhã
Loja Matriz,Carlos Souza,2024-03-05,21:00,Troca,21:48,Cancelado,Logística,Noite
Noroeste,Carlos Souza,2024-01-12,10:28,Financeiro,10:58,Cancelado,Administrativo,Manhã
Loja Sul,Ricardo Silva,2024-03-31,10:00,Troca,10:52,Cancelado,Logística,Manhã
Loja Leste,Felipe Oliveira,2024-04-26,21:02,Suporte Técnico,21:41,Finalizado,TI,Noite
Nordeste,Ricardo Silva,2024-03-07,09:29,Troca,09:48,Finalizado,Logística,Manhã
Express Oeste,Juliana Santos,2024-01-25,15:09,Troca,15:29,Finalizado,Logística,Tarde
Loja Matriz,Juliana Santos,2024-05-16,10:42,Reclamação,11:16,Cancelado,SAC,Manhã
Nordeste,Carlos Souza,2024-02-26,18:06,Vendas,18:42,Cancelado,Comercial,Noite
Express Oeste,Beatriz Lima,2024-05-04,08:07,Suporte Técnico,09:06,Finalizado,TI,Manhã
Loja Norte,Felipe Oliveira,2024-03-09,17:45,Suporte Técnico,18:16,Finalizado,TI,Tarde
Loja Sul,Amanda Costa,2024-02-06,14:58,Reclamação,15:27,Finalizado,SAC,Tarde
Noroeste,Ricardo Silva,2024-01-16,16:09,Vendas,16:57,Em Aberto,Comercial,Tarde
Express Sul,Carlos Souza,2024-03-09,13:34,Reclamação,14:25,Finalizado,SAC,Tarde
Loja Leste,Ricardo Silva,2024-05-05,20:54,Troca,21:08,Finalizado,Logística,Noite
Express Oeste,Carlos Souza,2024-05-01,12:22,Troca,13:15,Finalizado,Logística,Tarde
Loja Leste,Amanda Costa,2024-04-06,11:52,Reclamação,12:39,Cancelado,SAC,Manhã
Centro-Sul,Carlos Souza,2024-04-15,18:34,Vendas,19:02,Finalizado,Comercial,Noite
Nordeste,Beatriz Lima,2024-02-10,08:08,Troca,08:53,Cancelado,Logística,Manhã
Sul ao Norte,Carlos Souza,2024-04-08,16:24,Suporte Técnico,16:56,Finalizado,TI,Tarde
Loja Leste,Beatriz Lima,2024-04-11,20:54,Reclamação,21:06,Finalizado,SAC,Noite
Nordeste,Juliana Santos,2024-02-07,12:02,Vendas,12:37,Cancelado,Comercial,Tarde
Loja Norte,Juliana Santos,2024-03-21,11:46,Vendas,11:56,Em Aberto,Comercial,Manhã
Sul ao Norte,Beatriz Lima,2024-03-14,19:47,Reclamação,20:12,Finalizado,SAC,Noite
Sul ao Norte,Ricardo Silva,2024-04-19,15:01,Troca,15:18,Finalizado,Logística,Tarde
Loja Oeste,Beatriz Lima,2024-05-25,18:07,Financeiro,18:45,Finalizado,Administrativo,Noite
Loja Matriz,Ricardo Silva,2024-04-22,16:24,Vendas,16:37,Cancelado,Comercial,Tarde
Noroeste,Ricardo Silva,2024-02-07,21:59,Financeiro,22:14,Em Aberto,Administrativo,Noite
Loja Leste,Beatriz Lima,2024-05-17,21:58,Reclamação,22:23,Em Aberto,SAC,Noite
Loja Leste,Carlos Souza,2024-03-14,20:01,Reclamação,20:16,Em Aberto,SAC,Noite
Noroeste,Felipe Oliveira,2024-01-14,14:53,Vendas,15:42,Em Aberto,Comercial,Tarde
Loja Norte,Amanda Costa,2024-02-24,09:27,Troca,09:57,Cancelado,Logística,Manhã
Express Oeste,Juliana Santos,2024-05-09,10:51,Financeiro,11:50,Em Aberto,Administrativo,Manhã
Express Sul,Beatriz Lima,2024-01-09,20:54,Reclamação,21:15,Em Aberto,SAC,Noite
Nordeste,Amanda Costa,2024-01-17,08:58,Vendas,09:26,Cancelado,Comercial,Manhã
Nordeste,Carlos Souza,2024-04-22,21:53,Suporte Técnico,22:51,Cancelado,TI,Noite
Loja Sul,Carlos Souza,2024-04-19,15:38,Financeiro,15:58,Cancelado,Administrativo,Tarde
Express Sul,Ricardo Silva,2024-02-28,18:07,Reclamação,18:36,Finalizado,SAC,Noite
Nordeste,Juliana Santos,2024-01-16,08:37,Troca,09:13,Cancelado,Logística,Manhã
Loja Leste,Felipe Oliveira,2024-04-07,18:58,Troca,19:21,Em Aberto,Logística,Noite
Loja Sul,Felipe Oliveira,2024-04-14,12:19,Suporte Técnico,12:53,Em Aberto,TI,Tarde
Express Oeste,Carlos Souza,2024-02-02,19:30,Financeiro,19:41,Finalizado,Administrativo,Noite
Loja Leste,Ricardo Silva,2024-01-06,17:01,Vendas,17:57,Em Aberto,Comercial,Tarde
Loja Norte,Juliana Santos,2024-04-29,12:30,Reclamação,13:01,Finalizado,SAC,Tarde
Nordeste,Carlos Souza,2024-04-01,11:49,Troca,12:22,Cancelado,Logística,Manhã
Express Oeste,Felipe Oliveira,2024-02-19,12:51,Vendas,13:45,Cancelado,Comercial,Tarde
Loja Oeste,Ricardo Silva,2024-02-28,10:27,Financeiro,11:12,Cancelado,Administrativo,Manhã
Express Oeste,Felipe Oliveira,2024-04-03,10:56,Reclamação,11:33,Em Aberto,SAC,Manhã
Centro-Sul,Amanda Costa,2024-01-23,13:31,Troca,14:01,Cancelado,Logística,Tarde
Centro-Sul,Felipe Oliveira,2024-01-06,09:07,Vendas,10:04,Cancelado,Comercial,Manhã
Loja Oeste,Felipe Oliveira,2024-03-31,14:17,Vendas,14:45,Cancelado,Comercial,Tarde
Noroeste,Beatriz Lima,2024-03-07,19:15,Vendas,20:01,Finalizado,Comercial,Noite
Loja Sul,Ricardo Silva,2024-01-10,17:04,Vendas,17:49,Cancelado,Comercial,Tarde
Loja Matriz,Juliana Santos,2024-04-15,08:54,Financeiro,09:54,Em Aberto,Administrativo,Manhã
Centro-Oesto,Ricardo Silva,2024-01-01,16:32,Financeiro,17:02,Finalizado,Administrativo,Tarde
Noroeste,Beatriz Lima,2024-02-29,13:57,Suporte Técnico,14:57,Cancelado,TI,Tarde
Express Oeste,Carlos Souza,2024-03-21,08:39,Financeiro,09:26,Cancelado,Administrativo,Manhã
Sul ao Norte,Carlos Souza,2024-02-22,12:28,Troca,12:38,Cancelado,Logística,Tarde
Express Sul,Amanda Costa,2024-02-18,09:28,Reclamação,09:40,Cancelado,SAC,Manhã
Centro-Oesto,Beatriz Lima,2024-05-23,19:20,Reclamação,19:45,Em Aberto,SAC,Noite
Centro-Oesto,Carlos Souza,2024-05-29,19:00,Suporte Técnico,19:36,Cancelado,TI,Noite
Nordeste,Beatriz Lima,2024-05-12,09:10,Reclamação,10:08,Finalizado,SAC,Manhã
Loja Norte,Amanda Costa,2024-05-02,15:07,Reclamação,15:43,Em Aberto,SAC,Tarde
Noroeste,Beatriz Lima,2024-05-18,08:06,Troca,08:39,Em Aberto,Logística,Manhã
Sul ao Norte,Juliana Santos,2024-01-31,15:48,Vendas,16:02,Em Aberto,Comercial,Tarde
Loja Matriz,Carlos Souza,2024-04-17,09:37,Suporte Técnico,10:13,Finalizado,TI,Manhã
Centro-Sul,Felipe Oliveira,2024-05-21,09:58,Suporte Técnico,10:08,Finalizado,TI,Manhã
Loja Sul,Beatriz Lima,2024-05-29,09:49,Suporte Técnico,10:27,Em Aberto,TI,Manhã
Loja Norte,Felipe Oliveira,2024-02-23,18:38,Suporte Técnico,19:37,Em Aberto,TI,Noite
Nordeste,Ricardo Silva,2024-01-30,14:48,Reclamação,15:40,Em Aberto,SAC,Tarde
Loja Leste,Beatriz Lima,2024-05-10,10:36,Reclamação,11:13,Em Aberto,SAC,Manhã
Nordeste,Felipe Oliveira,2024-04-15,21:08,Vendas,21:35,Cancelado,Comercial,Noite
Loja Matriz,Felipe Oliveira,2024-04-05,10:57,Reclamação,11:12,Finalizado,SAC,Manhã
Centro-Sul,Felipe Oliveira,2024-02-01,21:27,Troca,21:46,Cancelado,Logística,Noite
Loja Sul,Beatriz Lima,2024-01-05,14:20,Financeiro,14:33,Em Aberto,Administrativo,Tarde
Noroeste,Carlos Souza,2024-03-17,11:54,Reclamação,12:40,Finalizado,SAC,Manhã
Centro-Sul,Juliana Santos,2024-04-21,12:16,Troca,12:55,Finalizado,Logística,Tarde
Nordeste,Ricardo Silva,2024-04-04,18:34,Financeiro,18:58,Finalizado,Administrativo,Noite
Nordeste,Beatriz Lima,2024-04-02,21:08,Troca,21:23,Cancelado,Logística,Noite
Loja Leste,Juliana Santos,2024-03-14,13:55,Troca,14:43,Finalizado,Logística,Tarde
Centro-Oesto,Carlos Souza,2024-04-28,19:21,Suporte Técnico,19:32,Cancelado,TI,Noite
Express Oeste,Juliana Santos,2024-04-26,15:58,Financeiro,16:41,Em Aberto,Administrativo,Tarde
Loja Norte,Amanda Costa,2024-03-05,13:12,Vendas,13:55,Finalizado,Comercial,Tarde
Loja Sul,Beatriz Lima,2024-01-20,08:07,Suporte Técnico,09:07,Em Aberto,TI,Manhã
Loja Oeste,Felipe Oliveira,2024-03-08,14:32,Vendas,14:46,Finalizado,Comercial,Tarde
Loja Leste,Ricardo Silva,2024-02-17,14:52,Reclamação,15:28,Em Aberto,SAC,Tarde
Centro-Sul,Amanda Costa,2024-03-23,21:53,Troca,22:43,Finalizado,Logística,Noite
Express Oeste,Amanda Costa,2024-04-11,20:13,Suporte Técnico,20:30,Em Aberto,TI,Noite
Loja Leste,Felipe Oliveira,2024-01-11,20:42,Financeiro,21:13,Cancelado,Administrativo,Noite
Loja Norte,Amanda Costa,2024-01-11,08:02,Financeiro,08:13,Finalizado,Administrativo,Manhã
Nordeste,Felipe Oliveira,2024-01-16,21:15,Vendas,22:01,Em Aberto,Comercial,Noite
Loja Leste,Amanda Costa,2024-01-10,08:19,Reclamação,09:01,Cancelado,SAC,Manhã
Sul ao Norte,Beatriz Lima,2024-05-04,15:47,Troca,16:27,Em Aberto,Logística,Tarde
Centro-Oesto,Amanda Costa,2024-02-11,17:34,Troca,18:20,Finalizado,Logística,Tarde
Centro-Oesto,Amanda Costa,2024-05-24,15:43,Suporte Técnico,16:33,Finalizado,TI,Tarde
Express Oeste,Beatriz Lima,2024-03-02,16:28,Troca,16:45,Finalizado,Logística,Tarde
Noroeste,Juliana Santos,2024-02-03,19:34,Troca,20:30,Em Aberto,Logística,Noite
Express Oeste,Beatriz Lima,2024-01-09,14:17,Vendas,14:58,Cancelado,Comercial,Tarde
Loja Matriz,Amanda Costa,2024-03-23,16:39,Suporte Técnico,17:14,Finalizado,TI,Tarde
Express Oeste,Amanda Costa,2024-04-22,16:55,Suporte Técnico,17:35,Em Aberto,TI,Tarde
Centro-Sul,Ricardo Silva,2024-05-13,09:29,Troca,10:24,Finalizado,Logística,Manhã
Loja Oeste,Felipe Oliveira,2024-05-07,17:10,Troca,18:00,Finalizado,Logística,Tarde
Noroeste,Amanda Costa,2024-01-15,19:24,Troca,19:57,Em Aberto,Logística,Noite
Express Sul,Beatriz Lima,2024-03-09,21:19,Vendas,21:44,Em Aberto,Comercial,Noite
Loja Norte,Juliana Santos,2024-04-06,21:36,Vendas,21:48,Em Aberto,Comercial,Noite
Nordeste,Beatriz Lima,2024-05-20,09:22,Reclamação,09:35,Cancelado,SAC,Manhã
Centro-Oesto,Beatriz Lima,2024-05-17,08:32,Reclamação,09:11,Em Aberto,SAC,Manhã
Centro-Sul,Juliana Santos,2024-04-03,14:43,Troca,15:24,Cancelado,Logística,Tarde
Loja Sul,Carlos Souza,2024-05-15,10:17,Vendas,10:59,Finalizado,Comercial,Manhã
Loja Oeste,Felipe Oliveira,2024-02-19,14:30,Suporte Técnico,15:28,Cancelado,TI,Tarde
Nordeste,Amanda Costa,2024-04-22,09:42,Suporte Técnico,10:08,Em Aberto,TI,Manhã
Centro-Sul,Felipe Oliveira,2024-05-11,13:41,Financeiro,14:02,Cancelado,Administrativo,Tarde
Loja Norte,Amanda Costa,2024-04-02,21:30,Troca,21:46,Em Aberto,Logística,Noite
Noroeste,Beatriz Lima,2024-04-24,13:14,Troca,13:42,Cancelado,Logística,Tarde
Noroeste,Carlos Souza,2024-01-03,14:43,Reclamação,15:16,Em Aberto,SAC,Tarde
Sul ao Norte,Beatriz Lima,2024-04-20,19:17,Suporte Técnico,20:16,Cancelado,TI,Noite
Noroeste,Carlos Souza,2024-05-29,12:42,Troca,12:56,Finalizado,Logística,Tarde
Loja Sul,Amanda Costa,2024-04-12,13:36,Reclamação,14:32,Em Aberto,SAC,Tarde
Loja Oeste,Carlos Souza,2024-04-30,18:23,Reclamação,18:57,Em Aberto,SAC,Noite
Express Oeste,Felipe Oliveira,2024-03-01,09:27,Vendas,10:10,Em Aberto,Comercial,Manhã
Sul ao Norte,Amanda Costa,2024-03-13,09:49,Reclamação,10:37,Em Aberto,SAC,Manhã
Loja Matriz,Juliana Santos,2024-04-24,12:27,Vendas,12:48,Em Aberto,Comercial,Tarde
Express Oeste,Juliana Santos,2024-02-14,21:34,Financeiro,21:59,Finalizado,Administrativo,Noite
Loja Norte,Ricardo Silva,2024-04-20,18:15,Financeiro,18:59,Em Aberto,Administrativo,Noite
Centro-Oesto,Carlos Souza,2024-02-26,12:33,Financeiro,12:58,Em Aberto,Administrativo,Tarde
Express Sul,Beatriz Lima,2024-02-22,09:57,Financeiro,10:20,Cancelado,Administrativo,Manhã
Loja Oeste,Beatriz Lima,2024-01-28,14:13,Financeiro,14:37,Finalizado,Administrativo,Tarde
Noroeste,Amanda Costa,2024-03-09,13:15,Financeiro,13:50,Cancelado,Administrativo,Tarde
Loja Sul,Beatriz Lima,2024-04-28,18:04,Troca,18:50,Finalizado,Logística,Noite
Loja Leste,Carlos Souza,2024-04-30,14:05,Financeiro,14:40,Finalizado,Administrativo,Tarde
Sul ao Norte,Felipe Oliveira,2024-01-25,13:09,Troca,13:57,Em Aberto,Logística,Tarde
Centro-Sul,Beatriz Lima,2024-03-13,14:55,Financeiro,15:31,Finalizado,Administrativo,Tarde
Loja Norte,Ricardo Silva,2024-04-29,14:39,Troca,15:15,Em Aberto,Logística,Tarde
Express Sul,Carlos Souza,2024-05-08,19:12,Vendas,19:39,Em Aberto,Comercial,Noite
Express Oeste,Beatriz Lima,2024-02-29,12:33,Reclamação,12:53,Cancelado,SAC,Tarde
Loja Sul,Ricardo Silva,2024-03-10,19:42,Financeiro,20:29,Finalizado,Administrativo,Noite
Loja Sul,Juliana Santos,2024-04-02,15:27,Financeiro,16:09,Finalizado,Administrativo,Tarde
Express Sul,Juliana Santos,2024-03-28,18:25,Suporte Técnico,19:06,Cancelado,TI,Noite
Loja Leste,Beatriz Lima,2024-04-02,09:32,Vendas,10:31,Finalizado,Comercial,Manhã
Loja Sul,Beatriz Lima,2024-01-19,20:02,Reclamação,20:26,Em Aberto,SAC,Noite
Loja Oeste,Felipe Oliveira,2024-04-13,09:49,Troca,10:43,Em Aberto,Logística,Manhã
Loja Oeste,Carlos Souza,2024-04-16,15:58,Vendas,16:46,Cancelado,Comercial,Tarde
Sul ao Norte,Juliana Santos,2024-04-06,15:42,Vendas,16:30,Cancelado,Comercial,Tarde
Express Oeste,Ricardo Silva,2024-05-15,09:26,Suporte Técnico,09:47,Em Aberto,TI,Manhã
Centro-Sul,Beatriz Lima,2024-02-11,18:20,Troca,19:14,Cancelado,Logística,Noite
Loja Matriz,Ricardo Silva,2024-02-16,12:32,Troca,13:10,Cancelado,Logística,Tarde
Express Oeste,Carlos Souza,2024-05-22,18:41,Financeiro,18:55,Em Aberto,Administrativo,Tarde
Loja Norte,Felipe Oliveira,2024-03-24,15:27,Suporte Técnico,16:13,Em Aberto,TI,Tarde
Centro-Oesto,Beatriz Lima,2024-01-28,09:51,Financeiro,10:27,Em Aberto,Administrativo,Manhã
Centro-Oesto,Amanda Costa,2024-03-04,11:32,Suporte Técnico,12:06,Finalizado,TI,Manhã
Sul ao Norte,Ricardo Silva,2024-03-26,21:33,Suporte Técnico,22:07,Em Aberto,TI,Noite
Centro-Sul,Amanda Costa,2024-03-15,14:18,Troca,15:18,Finalizado,Logística,Tarde
Loja Sul,Amanda Costa,2024-02-20,11:14,Reclamação,12:00,Finalizado,SAC,Manhã
Loja Oeste,Felipe Oliveira,2024-04-11,09:08,Reclamação,10:02,Em Aberto,SAC,Manhã
Loja Leste,Felipe Oliveira,2024-05-14,09:58,Financeiro,10:15,Em Aberto,Administrativo,Manhã
Loja Oeste,Beatriz Lima,2024-04-28,14:16,Reclamação,15:07,Cancelado,SAC,Tarde
Nordeste,Felipe Oliveira,2024-02-02,12:53,Reclamação,13:38,Cancelado,SAC,Tarde
Loja Norte,Amanda Costa,2024-01-02,10:25,Reclamação,10:48,Cancelado,SAC,Manhã
Loja Leste,Beatriz Lima,2024-01-13,17:20,Suporte Técnico,17:36,Finalizado,TI,Tarde
Express Oeste,Carlos Souza,2024-01-04,11:58,Suporte Técnico,12:52,Cancelado,TI,Manhã
Nordeste,Carlos Souza,2024-05-10,21:20,Vendas,22:01,Em Aberto,Comercial,Noite
Loja Matriz,Carlos Souza,2024-02-01,16:55,Troca,17:50,Finalizado,Logística,Tarde
Express Sul,Juliana Santos,2024-03-30,09:36,Troca,10:20,Cancelado,Logística,Manhã
Loja Norte,Beatriz Lima,2024-05-02,14:47,Reclamação,15:09,Finalizado,SAC,Tarde
Noroeste,Carlos Souza,2024-03-22,17:22,Reclamação,18:15,Cancelado,SAC,Tarde
Express Sul,Amanda Costa,2024-05-17,13:27,Troca,14:02,Finalizado,Logística,Tarde
Loja Norte,Ricardo Silva,2024-04-07,11:28,Vendas,11:51,Em Aberto,Comercial,Manhã
Centro-Sul,Ricardo Silva,2024-05-02,10:03,Financeiro,10:53,Cancelado,Administrativo,Manhã
Centro-Oesto,Carlos Souza,2024-01-04,21:18,Financeiro,22:09,Em Aberto,Administrativo,Noite
Noroeste,Ricardo Silva,2024-04-03,08:55,Financeiro,09:22,Finalizado,Administrativo,Manhã
Express Sul,Juliana Santos,2024-02-05,13:09,Vendas,13:44,Cancelado,Comercial,Tarde
Express Oeste,Amanda Costa,2024-05-24,21:14,Troca,21:36,Cancelado,Logística,Noite
Centro-Sul,Amanda Costa,2024-02-28,20:55,Reclamação,21:11,Cancelado,SAC,Noite
Loja Sul,Carlos Souza,2024-02-13,18:52,Troca,19:41,Finalizado,Logística,Tarde
Nordeste,Beatriz Lima,2024-03-05,18:18,Reclamação,19:04,Finalizado,SAC,Tarde
Loja Oeste,Amanda Costa,2024-03-08,08:25,Reclamação,08:59,Em Aberto,SAC,Manhã
Express Sul,Beatriz Lima,2024-03-24,19:16,Suporte Técnico,19:31,Finalizado,TI,Noite
Loja Oeste,Amanda Costa,2024-02-03,18:59,Troca,19:45,Finalizado,Logística,Tarde
Loja Norte,Juliana Santos,2024-05-07,14:13,Suporte Técnico,14:53,Em Aberto,TI,Tarde
Noroeste,Beatriz Lima,2024-04-09,15:05,Vendas,15:46,Cancelado,Comercial,Tarde
Loja Norte,Carlos Souza,2024-04-23,18:58,Suporte Técnico,19:33,Cancelado,TI,Noite
Loja Norte,Ricardo Silva,2024-04-27,11:47,Financeiro,11:58,Em Aberto,Administrativo,Manhã
Centro-Oesto,Juliana Santos,2024-01-29,16:52,Troca,17:41,Em Aberto,Logística,Tarde
Loja Matriz,Ricardo Silva,2024-02-29,10:39,Suporte Técnico,11:35,Cancelado,TI,Manhã
Loja Leste,Ricardo Silva,2024-04-12,12:59,Troca,13:34,Em Aberto,Logística,Tarde
Loja Sul,Felipe Oliveira,2024-01-04,16:23,Reclamação,16:36,Finalizado,SAC,Tarde
Centro-Oesto,Felipe Oliveira,2024-01-16,21:28,Vendas,22:01,Em Aberto,Comercial,Noite
Loja Matriz,Ricardo Silva,2024-01-29,19:21,Vendas,20:02,Cancelado,Comercial,Noite
Express Oeste,Felipe Oliveira,2024-02-12,16:27,Financeiro,17:09,Cancelado,Administrativo,Tarde
Noroeste,Beatriz Lima,2024-02-03,20:53,Suporte Técnico,21:37,Em Aberto,TI,Noite
Express Oeste,Ricardo Silva,2024-02-27,08:21,Suporte Técnico,08:49,Finalizado,TI,Manhã
Loja Leste,Beatriz Lima,2024-03-06,18:13,Suporte Técnico,19:02,Cancelado,TI,Noite
Nordeste,Carlos Souza,2024-03-30,13:40,Reclamação,14:18,Cancelado,SAC,Tarde
Sul ao Norte,Felipe Oliveira,2024-05-15,18:31,Financeiro,19:19,Cancelado,Administrativo,Noite
Nordeste,Felipe Oliveira,2024-02-04,20:04,Troca,20:15,Em Aberto,Logística,Noite
Express Oeste,Beatriz Lima,2024-04-09,18:25,Vendas,19:02,Cancelado,Comercial,Noite
Express Oeste,Juliana Santos,2024-03-22,21:33,Financeiro,22:27,Em Aberto,Administrativo,Noite
Centro-Oesto,Felipe Oliveira,2024-01-07,09:37,Suporte Técnico,10:22,Finalizado,TI,Manhã
Noroeste,Juliana Santos,2024-02-29,21:58,Vendas,22:31,Em Aberto,Comercial,Noite
Nordeste,Beatriz Lima,2024-02-22,08:25,Financeiro,08:44,Cancelado,Administrativo,Manhã
Express Sul,Ricardo Silva,2024-03-27,16:51,Troca,17:22,Cancelado,Logística,Tarde
Centro-Oesto,Felipe Oliveira,2024-02-07,09:14,Suporte Técnico,09:49,Cancelado,TI,Manhã
Noroeste,Ricardo Silva,2024-02-25,13:37,Troca,13:52,Finalizado,Logística,Tarde
Noroeste,Felipe Oliveira,2024-01-09,18:09,Troca,18:48,Cancelado,Logística,Noite
Express Sul,Carlos Souza,2024-05-10,11:23,Vendas,11:42,Cancelado,Comercial,Manhã
Nordeste,Beatriz Lima,2024-05-29,18:13,Troca,19:12,Finalizado,Logística,Noite
Centro-Oesto,Beatriz Lima,2024-01-11,11:47,Vendas,12:41,Finalizado,Comercial,Manhã
Centro-Oesto,Felipe Oliveira,2024-03-11,19:19,Reclamação,19:41,Finalizado,SAC,Noite
Centro-Sul,Amanda Costa,2024-02-07,18:39,Vendas,18:49,Em Aberto,Comercial,Noite
Centro-Sul,Ricardo Silva,2024-02-01,15:36,Financeiro,16:35,Cancelado,Administrativo,Tarde
Express Oeste,Felipe Oliveira,2024-02-18,21:25,Reclamação,22:24,Cancelado,SAC,Noite
Nordeste,Beatriz Lima,2024-04-18,18:43,Troca,19:01,Cancelado,Logística,Noite
Express Oeste,Beatriz Lima,2024-04-20,09:30,Vendas,10:02,Em Aberto,Comercial,Manhã
Loja Norte,Ricardo Silva,2024-03-04,15:08,Suporte Técnico,15:37,Finalizado,TI,Tarde
Sul ao Norte,Juliana Santos,2024-03-10,14:50,Financeiro,15:16,Em Aberto,Administrativo,Tarde
Noroeste,Juliana Santos,2024-01-04,17:26,Suporte Técnico,18:15,Em Aberto,TI,Tarde
Loja Oeste,Amanda Costa,2024-04-26,09:24,Reclamação,09:39,Finalizado,SAC,Manhã
Nordeste,Ricardo Silva,2024-03-30,16:20,Vendas,16:41,Finalizado,Comercial,Tarde
Centro-Sul,Amanda Costa,2024-02-18,21:57,Financeiro,22:42,Cancelado,Administrativo,Noite
Sul ao Norte,Amanda Costa,2024-02-18,17:36,Vendas,18:05,Em Aberto,Comercial,Tarde
Centro-Sul,Juliana Santos,2024-04-15,21:28,Troca,22:11,Finalizado,Logística,Noite
Loja Leste,Felipe Oliveira,2024-01-31,18:44,Financeiro,19:21,Cancelado,Administrativo,Noite
Centro-Sul,Juliana Santos,2024-04-16,21:03,Reclamação,21:22,Finalizado,SAC,Noite
Nordeste,Ricardo Silva,2024-05-06,21:38,Financeiro,22:30,Finalizado,Administrativo,Noite
Noroeste,Ricardo Silva,2024-01-15,13:16,Financeiro,14:09,Em Aberto,Administrativo,Tarde
Loja Sul,Beatriz Lima,2024-03-12,18:10,Vendas,19:06,Cancelado,Comercial,Noite
Express Oeste,Carlos Souza,2024-01-12,10:24,Financeiro,11:22,Em Aberto,Administrativo,Manhã
Express Oeste,Ricardo Silva,2024-05-14,16:53,Financeiro,17:33,Finalizado,Administrativo,Tarde
Nordeste,Beatriz Lima,2024-01-01,09:48,Troca,10:04,Em Aberto,Logística,Manhã
Nordeste,Carlos Souza,2024-02-16,13:58,Suporte Técnico,14:13,Cancelado,TI,Tarde
Loja Oeste,Juliana Santos,2024-04-24,20:46,Troca,21:20,Finalizado,Logística,Noite
Sul ao Norte,Carlos Souza,2024-02-09,18:22,Suporte Técnico,19:18,Em Aberto,TI,Noite
Loja Leste,Ricardo Silva,2024-02-13,20:49,Troca,21:04,Em Aberto,Logística,Noite
Loja Leste,Beatriz Lima,2024-01-08,11:15,Reclamação,11:52,Em Aberto,SAC,Manhã
Loja Matriz,Felipe Oliveira,2024-04-19,19:29,Reclamação,20:01,Em Aberto,SAC,Noite
Centro-Oesto,Juliana Santos,2024-04-03,17:49,Vendas,18:30,Cancelado,Comercial,Tarde
Noroeste,Carlos Souza,2024-02-13,20:14,Financeiro,21:11,Cancelado,Administrativo,Noite
Nordeste,Amanda Costa,2024-04-28,14:12,Troca,14:39,Finalizado,Logística,Tarde
Loja Leste,Beatriz Lima,2024-01-08,18:42,Vendas,19:14,Cancelado,Comercial,Noite
Express Oeste,Carlos Souza,2024-03-10,08:24,Vendas,09:11,Cancelado,Comercial,Manhã
Loja Leste,Amanda Costa,2024-04-12,13:41,Reclamação,13:59,Em Aberto,SAC,Tarde
Loja Oeste,Amanda Costa,2024-05-19,18:07,Financeiro,19:04,Em Aberto,Administrativo,Noite
Express Oeste,Carlos Souza,2024-03-02,21:11,Troca,21:54,Finalizado,Logística,Noite
Centro-Oesto,Amanda Costa,2024-04-18,09:55,Troca,10:47,Em Aberto,Logística,Manhã
Express Sul,Amanda Costa,2024-04-15,16:39,Reclamação,17:15,Em Aberto,SAC,Tarde
Sul ao Norte,Amanda Costa,2024-03-31,19:12,Suporte Técnico,20:03,Em Aberto,TI,Noite
Loja Matriz,Carlos Souza,2024-01-10,12:59,Reclamação,13:45,Finalizado,SAC,Tarde
Loja Matriz,Amanda Costa,2024-03-20,11:22,Vendas,12:02,Em Aberto,Comercial,Manhã
Noroeste,Carlos Souza,2024-04-16,15:14,Suporte Técnico,15:41,Finalizado,TI,Tarde
Centro-Oesto,Beatriz Lima,2024-05-07,09:33,Vendas,10:33,Finalizado,Comercial,Manhã
Express Sul,Ricardo Silva,2024-03-16,09:59,Financeiro,10:18,Finalizado,Administrativo,Manhã
Sul ao Norte,Amanda Costa,2024-03-22,09:06,Suporte Técnico,09:46,Cancelado,TI,Manhã
Express Sul,Juliana Santos,2024-05-06,12:47,Vendas,13:44,Finalizado,Comercial,Tarde
Express Sul,Carlos Souza,2024-03-22,10:57,Suporte Técnico,11:52,Finalizado,TI,Manhã
Express Oeste,Felipe Oliveira,2024-02-14,12:06,Financeiro,13:01,Em Aberto,Administrativo,Tarde
Loja Sul,Beatriz Lima,2024-05-04,18:45,Troca,19:14,Cancelado,Logística,Noite
Noroeste,Felipe Oliveira,2024-05-24,11:11,Troca,11:25,Em Aberto,Logística,Manhã
Loja Leste,Carlos Souza,2024-05-05,21:27,Financeiro,22:10,Finalizado,Administrativo,Noite
Express Oeste,Felipe Oliveira,2024-01-14,08:01,Vendas,08:46,Em Aberto,Comercial,Manhã
Loja Norte,Amanda Costa,2024-05-07,18:18,Reclamação,18:49,Finalizado,SAC,Noite
Noroeste,Juliana Santos,2024-05-14,11:38,Suporte Técnico,12:00,Finalizado,TI,Manhã
Express Oeste,Ricardo Silva,2024-02-29,20:12,Financeiro,20:33,Em Aberto,Administrativo,Noite
Loja Matriz,Amanda Costa,2024-05-22,08:35,Financeiro,09:22,Em Aberto,Administrativo,Manhã
Express Sul,Carlos Souza,2024-04-15,12:27,Reclamação,12:39,Em Aberto,SAC,Tarde
Loja Matriz,Ricardo Silva,2024-05-23,09:05,Reclamação,09:48,Cancelado,SAC,Manhã
Centro-Oesto,Juliana Santos,2024-01-09,17:30,Financeiro,17:43,Finalizado,Administrativo,Tarde
Centro-Oesto,Amanda Costa,2024-05-04,09:36,Suporte Técnico,09:58,Cancelado,TI,Manhã
Nordeste,Amanda Costa,2024-01-23,15:58,Vendas,16:38,Finalizado,Comercial,Tarde
Centro-Oesto,Carlos Souza,2024-03-23,10:49,Reclamação,11:31,Em Aberto,SAC,Manhã
Noroeste,Juliana Santos,2024-05-21,13:21,Suporte Técnico,14:12,Em Aberto,TI,Tarde
Loja Matriz,Ricardo Silva,2024-03-18,08:08,Financeiro,08:45,Em Aberto,Administrativo,Manhã
Loja Sul,Felipe Oliveira,2024-02-04,19:33,Suporte Técnico,20:04,Finalizado,TI,Noite
Loja Leste,Beatriz Lima,2024-04-11,09:01,Troca,09:42,Cancelado,Logística,Manhã
Centro-Oesto,Felipe Oliveira,2024-03-19,20:44,Suporte Técnico,21:25,Finalizado,TI,Noite
Loja Matriz,Carlos Souza,2024-01-10,12:01,Reclamação,12:29,Cancelado,SAC,Tarde
Nordeste,Felipe Oliveira,2024-03-07,12:57,Financeiro,13:54,Em Aberto,Administrativo,Tarde
Centro-Oesto,Juliana Santos,2024-02-01,21:47,Financeiro,22:27,Finalizado,Administrativo,Noite
Loja Sul,Beatriz Lima,2024-02-27,15:53,Reclamação,16:18,Finalizado,SAC,Tarde
Nordeste,Felipe Oliveira,2024-05-13,21:55,Suporte Técnico,22:09,Cancelado,TI,Noite
Express Sul,Beatriz Lima,2024-01-05,18:43,Suporte Técnico,19:27,Finalizado,TI,Noite
Sul ao Norte,Ricardo Silva,2024-03-14,17:59,Suporte Técnico,18:53,Finalizado,TI,Tarde
Sul ao Norte,Beatriz Lima,2024-03-09,15:44,Financeiro,16:41,Cancelado,Administrativo,Tarde
Sul ao Norte,Amanda Costa,2024-03-19,18:35,Troca,19:14,Em Aberto,Logística,Noite
Sul ao Norte,Ricardo Silva,2024-02-28,20:46,Vendas,21:33,Finalizado,Comercial,Noite
Express Sul,Beatriz Lima,2024-05-07,11:56,Suporte Técnico,12:25,Cancelado,TI,Manhã
Centro-Oesto,Beatriz Lima,2024-05-16,12:47,Troca,13:15,Finalizado,Logística,Tarde
Loja Sul,Carlos Souza,2024-01-27,13:31,Financeiro,14:06,Em Aberto,Administrativo,Tarde
Nordeste,Amanda Costa,2024-02-18,08:08,Vendas,08:19,Finalizado,Comercial,Manhã
Sul ao Norte,Felipe Oliveira,2024-04-02,11:13,Vendas,11:51,Em Aberto,Comercial,Manhã
Centro-Sul,Carlos Souza,2024-04-17,20:25,Suporte Técnico,20:47,Cancelado,TI,Noite
Loja Oeste,Ricardo Silva,2024-03-27,12:40,Reclamação,13:07,Em Aberto,SAC,Tarde
Loja Norte,Amanda Costa,2024-05-16,20:21,Troca,20:42,Em Aberto,Logística,Noite
Loja Leste,Beatriz Lima,2024-05-29,17:00,Financeiro,17:29,Em Aberto,Administrativo,Tarde
Loja Matriz,Juliana Santos,2024-04-05,12:43,Suporte Técnico,13:00,Finalizado,TI,Tarde
Loja Oeste,Beatriz Lima,2024-04-17,08:44,Reclamação,09:36,Finalizado,SAC,Manhã
Noroeste,Beatriz Lima,2024-02-22,18:04,Vendas,18:47,Cancelado,Comercial,Noite
Loja Sul,Ricardo Silva,2024-01-03,17:33,Reclamação,18:27,Cancelado,SAC,Tarde
Noroeste,Carlos Souza,2024-05-08,16:34,Financeiro,17:04,Cancelado,Administrativo,Tarde
Express Oeste,Carlos Souza,2024-03-01,10:14,Troca,10:35,Finalizado,Logística,Manhã
Loja Oeste,Juliana Santos,2024-05-24,21:22,Troca,22:13,Em Aberto,Logística,Noite
Loja Leste,Carlos Souza,2024-03-17,14:36,Suporte Técnico,15:15,Em Aberto,TI,Tarde
Loja Sul,Beatriz Lima,2024-03-15,09:47,Financeiro,10:47,Finalizado,Administrativo,Manhã
Centro-Sul,Felipe Oliveira,2024-02-13,21:56,Reclamação,22:21,Em Aberto,SAC,Noite
Noroeste,Ricardo Silva,2024-02-15,11:12,Reclamação,12:06,Finalizado,SAC,Manhã
Loja Norte,Beatriz Lima,2024-02-23,09:45,Financeiro,10:30,Em Aberto,Administrativo,Manhã
Noroeste,Felipe Oliveira,2024-02-12,14:30,Reclamação,14:43,Cancelado,SAC,Tarde
Express Sul,Beatriz Lima,2024-01-10,21:11,Financeiro,22:03,Cancelado,Administrativo,Noite
Loja Leste,Felipe Oliveira,2024-03-15,14:26,Troca,14:41,Em Aberto,Logística,Tarde
Centro-Oesto,Beatriz Lima,2024-02-06,08:31,Financeiro,09:03,Em Aberto,Administrativo,Manhã
Noroeste,Felipe Oliveira,2024-05-06,08:14,Vendas,09:12,Finalizado,Comercial,Manhã
Loja Leste,Carlos Souza,2024-03-15,15:58,Reclamação,16:25,Cancelado,SAC,Tarde
Centro-Sul,Amanda Costa,2024-02-25,19:39,Vendas,19:55,Finalizado,Comercial,Noite
Sul ao Norte,Ricardo Silva,2024-01-06,10:39,Suporte Técnico,11:04,Finalizado,TI,Manhã
Nordeste,Juliana Santos,2024-03-20,16:06,Suporte Técnico,16:59,Finalizado,TI,Tarde
Loja Leste,Amanda Costa,2024-01-19,11:11,Suporte Técnico,12:06,Finalizado,TI,Manhã
Centro-Oesto,Beatriz Lima,2024-01-19,10:27,Troca,10:49,Em Aberto,Logística,Manhã
Loja Matriz,Felipe Oliveira,2024-01-15,20:47,Troca,21:05,Cancelado,Logística,Noite
Express Sul,Carlos Souza,2024-01-26,10:26,Suporte Técnico,10:53,Em Aberto,TI,Manhã
Loja Sul,Carlos Souza,2024-03-31,20:11,Financeiro,21:03,Finalizado,Administrativo,Noite
Express Sul,Amanda Costa,2024-04-16,10:07,Troca,10:22,Em Aberto,Logística,Manhã
Loja Norte,Amanda Costa,2024-03-15,17:09,Troca,17:55,Cancelado,Logística,Tarde
Centro-Sul,Felipe Oliveira,2024-02-12,20:55,Reclamação,21:52,Cancelado,SAC,Noite
Loja Matriz,Juliana Santos,2024-02-29,20:25,Suporte Técnico,20:48,Finalizado,TI,Noite
Centro-Sul,Carlos Souza,2024-04-21,18:03,Reclamação,18:24,Em Aberto,SAC,Noite
Nordeste,Felipe Oliveira,2024-04-25,09:57,Financeiro,10:37,Em Aberto,Administrativo,Manhã
Loja Sul,Felipe Oliveira,2024-01-31,17:54,Troca,18:06,Em Aberto,Logística,Tarde
Loja Leste,Carlos Souza,2024-04-21,09:45,Reclamação,10:13,Em Aberto,SAC,Manhã
Express Oeste,Ricardo Silva,2024-02-18,18:22,Vendas,19:01,Cancelado,Comercial,Noite
Sul ao Norte,Amanda Costa,2024-05-08,20:25,Vendas,21:03,Finalizado,Comercial,Noite
Centro-Sul,Beatriz Lima,2024-04-18,15:24,Vendas,16:18,Cancelado,Comercial,Tarde
Express Sul,Felipe Oliveira,2024-01-31,17:08,Vendas,17:40,Em Aberto,Comercial,Tarde
Loja Oeste,Felipe Oliveira,2024-02-25,18:47,Vendas,19:33,Cancelado,Comercial,Noite
Express Sul,Ricardo Silva,2024-04-26,21:09,Reclamação,22:08,Finalizado,SAC,Noite
Nordeste,Felipe Oliveira,2024-02-01,11:23,Vendas,11:34,Cancelado,Comercial,Manhã
Loja Oeste,Amanda Costa,2024-03-17,14:46,Reclamação,15:16,Cancelado,SAC,Tarde
Centro-Oesto,Juliana Santos,2024-03-07,21:24,Vendas,21:42,Finalizado,Comercial,Noite
Centro-Oesto,Carlos Souza,2024-01-02,18:31,Reclamação,19:11,Finalizado,SAC,Noite
Loja Matriz,Beatriz Lima,2024-01-13,17:15,Vendas,17:51,Finalizado,Comercial,Tarde
Nordeste,Ricardo Silva,2024-02-27,17:34,Suporte Técnico,17:48,Finalizado,TI,Tarde
Express Oeste,Carlos Souza,2024-04-22,15:55,Troca,16:44,Finalizado,Logística,Tarde
Centro-Oesto,Ricardo Silva,2024-02-01,14:44,Reclamação,15:08,Finalizado,SAC,Tarde
Sul ao Norte,Felipe Oliveira,2024-01-22,19:09,Vendas,19:55,Cancelado,Comercial,Noite
Express Oeste,Juliana Santos,2024-04-29,11:58,Financeiro,12:19,Finalizado,Administrativo,Manhã
Centro-Sul,Felipe Oliveira,2024-05-11,10:57,Troca,11:42,Em Aberto,Logística,Manhã
Centro-Sul,Ricardo Silva,2024-01-13,14:00,Suporte Técnico,14:15,Em Aberto,TI,Tarde
Sul ao Norte,Juliana Santos,2024-01-19,13:46,Suporte Técnico,14:21,Em Aberto,TI,Tarde
Loja Oeste,Juliana Santos,2024-04-02,09:34,Reclamação,10:27,Finalizado,SAC,Manhã
Centro-Sul,Amanda Costa,2024-04-22,20:53,Suporte Técnico,21:36,Em Aberto,TI,Noite
Express Oeste,Beatriz Lima,2024-02-05,18:09,Financeiro,18:31,Finalizado,Administrativo,Noite
Express Oeste,Amanda Costa,2024-02-08,21:24,Troca,21:43,Finalizado,Logística,Noite
Sul ao Norte,Felipe Oliveira,2024-01-11,11:50,Financeiro,12:30,Em Aberto,Administrativo,Manhã
Nordeste,Amanda Costa,2024-04-21,19:08,Financeiro,19:58,Finalizado,Administrativo,Noite
Nordeste,Felipe Oliveira,2024-02-20,08:49,Suporte Técnico,09:46,Cancelado,TI,Manhã
Loja Oeste,Carlos Souza,2024-03-29,14:32,Suporte Técnico,15:04,Em Aberto,TI,Tarde
Loja Sul,Felipe Oliveira,2024-02-19,12:26,Reclamação,13:16,Finalizado,SAC,Tarde
Express Sul,Beatriz Lima,2024-04-12,20:21,Vendas,20:59,Finalizado,Comercial,Noite
Loja Sul,Beatriz Lima,2024-01-31,15:12,Vendas,15:25,Finalizado,Comercial,Tarde
Loja Norte,Carlos Souza,2024-01-23,11:58,Vendas,12:42,Em Aberto,Comercial,Manhã
Loja Norte,Beatriz Lima,2024-04-11,18:04,Suporte Técnico,18:52,Finalizado,TI,Noite
Loja Norte,Juliana Santos,2024-04-18,13:55,Suporte Técnico,14:49,Cancelado,TI,Tarde
Loja Matriz,Beatriz Lima,2024-05-11,12:27,Vendas,13:08,Cancelado,Comercial,Tarde
Express Sul,Juliana Santos,2024-02-06,17:45,Troca,18:44,Cancelado,Logística,Tarde
Centro-Sul,Ricardo Silva,2024-03-22,12:42,Suporte Técnico,13:24,Finalizado,TI,Tarde
Noroeste,Ricardo Silva,2024-05-06,18:30,Troca,18:41,Cancelado,Logística,Noite
Centro-Oesto,Ricardo Silva,2024-05-30,17:24,Financeiro,17:48,Cancelado,Administrativo,Tarde
Nordeste,Beatriz Lima,2024-04-06,16:48,Vendas,16:58,Em Aberto,Comercial,Tarde
Loja Matriz,Beatriz Lima,2024-01-06,11:11,Troca,11:42,Finalizado,Logística,Manhã
Loja Sul,Felipe Oliveira,2024-03-16,10:43,Reclamação,11:08,Em Aberto,SAC,Manhã
Sul ao Norte,Juliana Santos,2024-04-13,17:43,Financeiro,18:42,Finalizado,Administrativo,Tarde
Loja Norte,Beatriz Lima,2024-01-26,15:52,Troca,16:50,Em Aberto,Logística,Tarde
Noroeste,Ricardo Silva,2024-04-15,18:16,Troca,18:50,Em Aberto,Logística,Noite
Centro-Oesto,Beatriz Lima,2024-02-15,16:29,Financeiro,17:07,Em Aberto,Administrativo,Tarde
Loja Norte,Ricardo Silva,2024-05-21,10:56,Suporte Técnico,11:10,Finalizado,TI,Manhã
Loja Matriz,Beatriz Lima,2024-04-11,15:28,Suporte Técnico,16:25,Finalizado,TI,Tarde
Express Sul,Beatriz Lima,2024-02-17,10:12,Financeiro,10:35,Finalizado,Administrativo,Manhã
Centro-Sul,Carlos Souza,2024-04-27,14:26,Reclamação,14:40,Finalizado,SAC,Tarde
Nordeste,Carlos Souza,2024-03-20,20:20,Troca,20:42,Finalizado,Logística,Noite
Express Sul,Ricardo Silva,2024-01-11,17:45,Suporte Técnico,18:13,Em Aberto,TI,Tarde
Express Sul,Ricardo Silva,2024-04-02,19:59,Suporte Técnico,20:15,Cancelado,TI,Noite
Express Oeste,Ricardo Silva,2024-04-17,21:24,Financeiro,22:07,Cancelado,Administrativo,Noite
Loja Leste,Beatriz Lima,2024-02-20,08:02,Reclamação,09:02,Em Aberto,SAC,Manhã
Express Oeste,Amanda Costa,2024-02-19,18:14,Vendas,18:33,Finalizado,Comercial,Noite
Loja Sul,Beatriz Lima,2024-04-24,14:29,Suporte Técnico,14:49,Em Aberto,TI,Tarde
Loja Leste,Felipe Oliveira,2024-05-15,17:50,Troca,18:33,Em Aberto,Logística,Tarde
Express Sul,Beatriz Lima,2024-04-16,14:36,Financeiro,15:36,Finalizado,Administrativo,Tarde
Express Oeste,Ricardo Silva,2024-05-28,09:47,Troca,10:28,Finalizado,Logística,Manhã
Loja Leste,Ricardo Silva,2024-04-09,08:39,Reclamação,09:20,Finalizado,SAC,Manhã
Nordeste,Felipe Oliveira,2024-04-05,09:52,Suporte Técnico,10:02,Em Aberto,TI,Manhã
Loja Norte,Beatriz Lima,2024-01-21,12:43,Troca,13:01,Cancelado,Logística,Tarde
Centro-Oesto,Juliana Santos,2024-03-26,09:28,Suporte Técnico,09:47,Finalizado,TI,Manhã
Loja Norte,Amanda Costa,2024-01-05,18:04,Reclamação,18:40,Cancelado,SAC,Noite
Loja Leste,Carlos Souza,2024-05-07,20:01,Vendas,20:12,Em Aberto,Comercial,Noite
Sul ao Norte,Felipe Oliveira,2024-05-04,15:55,Financeiro,16:54,Cancelado,Administrativo,Tarde
Loja Oeste,Amanda Costa,2024-01-04,09:36,Vendas,09:51,Em Aberto,Comercial,Manhã
Noroeste,Carlos Souza,2024-01-06,08:37,Vendas,08:55,Em Aberto,Comercial,Manhã
Loja Norte,Beatriz Lima,2024-05-23,15:53,Vendas,16:31,Cancelado,Comercial,Tarde
Centro-Sul,Ricardo Silva,2024-02-27,21:36,Troca,21:46,Cancelado,Logística,Noite
Centro-Sul,Ricardo Silva,2024-04-15,09:23,Vendas,09:48,Em Aberto,Comercial,Manhã
Noroeste,Beatriz Lima,2024-04-10,11:52,Reclamação,12:45,Em Aberto,SAC,Manhã
Noroeste,Juliana Santos,2024-02-26,10:08,Troca,10:27,Cancelado,Logística,Manhã
Sul ao Norte,Ricardo Silva,2024-01-09,14:10,Financeiro,14:48,Em Aberto,Administrativo,Tarde
Loja Leste,Beatriz Lima,2024-04-13,14:59,Suporte Técnico,15:50,Em Aberto,TI,Tarde
Express Sul,Beatriz Lima,2024-02-11,21:30,Financeiro,22:30,Em Aberto,Administrativo,Noite
Express Sul,Beatriz Lima,2024-03-08,10:37,Suporte Técnico,11:01,Cancelado,TI,Manhã
Sul ao Norte,Amanda Costa,2024-01-03,11:46,Troca,12:29,Finalizado,Logística,Manhã
Loja Matriz,Carlos Souza,2024-03-25,16:26,Suporte Técnico,16:44,Finalizado,TI,Tarde
Centro-Oesto,Ricardo Silva,2024-05-14,10:51,Vendas,11:33,Finalizado,Comercial,Manhã
Loja Leste,Juliana Santos,2024-04-06,12:19,Suporte Técnico,12:42,Cancelado,TI,Tarde
Loja Sul,Juliana Santos,2024-01-19,19:43,Troca,20:16,Finalizado,Logística,Noite
Centro-Oesto,Amanda Costa,2024-02-16,13:42,Financeiro,14:16,Finalizado,Administrativo,Tarde
Loja Sul,Carlos Souza,2024-01-10,16:08,Troca,16:37,Finalizado,Logística,Tarde
Loja Leste,Juliana Santos,2024-01-15,21:26,Suporte Técnico,21:53,Cancelado,TI,Noite
Sul ao Norte,Beatriz Lima,2024-01-07,13:13,Suporte Técnico,14:08,Finalizado,TI,Tarde
Noroeste,Ricardo Silva,2024-04-30,10:21,Troca,10:50,Finalizado,Logística,Manhã
Loja Norte,Ricardo Silva,2024-03-14,13:08,Financeiro,13:53,Em Aberto,Administrativo,Tarde
Sul ao Norte,Carlos Souza,2024-03-26,14:39,Suporte Técnico,15:13,Em Aberto,TI,Tarde
Loja Matriz,Felipe Oliveira,2024-01-26,15:55,Vendas,16:13,Cancelado,Comercial,Tarde
Loja Norte,Juliana Santos,2024-05-11,14:39,Troca,15:06,Cancelado,Logística,Tarde
Noroeste,Beatriz Lima,2024-01-05,08:27,Troca,08:39,Cancelado,Logística,Manhã
Centro-Sul,Ricardo Silva,2024-03-12,12:01,Reclamação,12:15,Finalizado,SAC,Tarde
Loja Matriz,Juliana Santos,2024-03-12,16:18,Troca,16:52,Em Aberto,Logística,Tarde
Loja Sul,Ricardo Silva,2024-03-01,09:32,Troca,10:26,Finalizado,Logística,Manhã
Express Sul,Ricardo Silva,2024-03-22,18:39,Vendas,19:07,Cancelado,Comercial,Noite
Express Sul,Felipe Oliveira,2024-02-13,13:11,Suporte Técnico,13:21,Em Aberto,TI,Tarde
Nordeste,Ricardo Silva,2024-04-19,14:52,Financeiro,15:25,Cancelado,Administrativo,Tarde
Sul ao Norte,Felipe Oliveira,2024-02-23,08:45,Suporte Técnico,09:22,Finalizado,TI,Manhã
Noroeste,Beatriz Lima,2024-03-02,18:46,Suporte Técnico,19:21,Em Aberto,TI,Noite
Loja Sul,Carlos Souza,2024-04-06,15:49,Financeiro,16:09,Em Aberto,Administrativo,Tarde
Centro-Oesto,Felipe Oliveira,2024-04-21,08:50,Vendas,09:42,Em Aberto,Comercial,Manhã
Loja Norte,Beatriz Lima,2024-04-27,12:08,Financeiro,12:32,Finalizado,Administrativo,Tarde
Noroeste,Felipe Oliveira,2024-05-20,20:01,Troca,21:00,Finalizado,Logística,Noite
Loja Sul,Ricardo Silva,2024-04-02,18:01,Troca,18:18,Cancelado,Logística,Noite
Express Sul,Felipe Oliveira,2024-05-13,16:46,Suporte Técnico,17:09,Em Aberto,TI,Tarde
Centro-Oesto,Amanda Costa,2024-04-29,16:57,Vendas,17:28,Cancelado,Comercial,Tarde
Sul ao Norte,Juliana Santos,2024-03-31,11:28,Reclamação,12:11,Finalizado,SAC,Manhã
Loja Oeste,Ricardo Silva,2024-01-17,11:31,Reclamação,11:41,Finalizado,SAC,Manhã
Noroeste,Beatriz Lima,2024-01-26,10:34,Financeiro,11:02,Finalizado,Administrativo,Manhã
Sul ao Norte,Felipe Oliveira,2024-03-07,19:21,Reclamação,19:54,Em Aberto,SAC,Noite
Loja Oeste,Amanda Costa,2024-01-28,10:04,Suporte Técnico,10:56,Finalizado,TI,Manhã
Express Sul,Felipe Oliveira,2024-05-15,10:51,Reclamação,11:22,Cancelado,SAC,Manhã
Centro-Oesto,Felipe Oliveira,2024-01-20,08:18,Vendas,08:31,Cancelado,Comercial,Manhã
Centro-Oesto,Carlos Souza,2024-03-27,16:44,Vendas,17:34,Finalizado,Comercial,Tarde
Centro-Sul,Amanda Costa,2024-05-16,12:53,Suporte Técnico,13:33,Em Aberto,TI,Tarde
Loja Matriz,Beatriz Lima,2024-04-23,21:27,Troca,21:58,Em Aberto,Logística,Noite
Express Oeste,Amanda Costa,2024-01-02,18:15,Suporte Técnico,18:32,Em Aberto,TI,Noite
Express Oeste,Felipe Oliveira,2024-05-03,17:03,Vendas,17:38,Em Aberto,Comercial,Tarde
Nordeste,Beatriz Lima,2024-01-20,20:34,Suporte Técnico,21:11,Finalizado,TI,Noite
Loja Leste,Ricardo Silva,2024-03-19,17:16,Suporte Técnico,17:30,Cancelado,TI,Tarde
Sul ao Norte,Carlos Souza,2024-02-16,18:30,Troca,19:12,Em Aberto,Logística,Noite
Loja Norte,Amanda Costa,2024-02-26,08:36,Financeiro,08:58,Em Aberto,Administrativo,Manhã
Nordeste,Felipe Oliveira,2024-02-17,21:02,Vendas,21:36,Cancelado,Comercial,Noite
Sul ao Norte,Beatriz Lima,2024-03-06,21:14,Reclamação,21:24,Cancelado,SAC,Noite
Express Oeste,Beatriz Lima,2024-03-23,21:59,Financeiro,22:25,Finalizado,Administrativo,Noite
Loja Leste,Ricardo Silva,2024-05-22,19:35,Troca,19:49,Cancelado,Logística,Noite
Express Sul,Juliana Santos,2024-01-03,13:11,Troca,13:43,Cancelado,Logística,Tarde
Express Sul,Ricardo Silva,2024-02-26,10:39,Financeiro,10:54,Em Aberto,Administrativo,Manhã
Loja Matriz,Felipe Oliveira,2024-03-20,11:47,Vendas,12:27,Cancelado,Comercial,Manhã
Express Oeste,Ricardo Silva,2024-05-27,10:11,Financeiro,10:22,Cancelado,Administrativo,Manhã
Centro-Sul,Ricardo Silva,2024-05-27,19:35,Financeiro,19:50,Finalizado,Administrativo,Noite
Noroeste,Carlos Souza,2024-01-03,12:51,Financeiro,13:13,Em Aberto,Administrativo,Tarde
Loja Sul,Amanda Costa,2024-01-12,21:50,Suporte Técnico,22:03,Finalizado,TI,Noite
Loja Norte,Ricardo Silva,2024-05-10,10:54,Financeiro,11:10,Cancelado,Administrativo,Manhã
Centro-Oesto,Juliana Santos,2024-03-11,13:40,Financeiro,14:01,Em Aberto,Administrativo,Tarde
Centro-Oesto,Carlos Souza,2024-04-12,19:23,Vendas,19:39,Finalizado,Comercial,Noite
Loja Matriz,Carlos Souza,2024-04-15,09:39,Troca,10:31,Em Aberto,Logística,Manhã
Loja Oeste,Carlos Souza,2024-01-23,09:32,Troca,10:11,Cancelado,Logística,Manhã
Express Sul,Beatriz Lima,2024-05-06,19:31,Troca,20:11,Finalizado,Logística,Noite
Loja Norte,Felipe Oliveira,2024-04-01,14:04,Troca,15:04,Em Aberto,Logística,Tarde
Express Oeste,Felipe Oliveira,2024-04-13,14:42,Troca,15:33,Em Aberto,Logística,Tarde
Loja Norte,Felipe Oliveira,2024-05-09,08:54,Vendas,09:52,Em Aberto,Comercial,Manhã
Nordeste,Amanda Costa,2024-01-10,16:12,Troca,16:43,Em Aberto,Logística,Tarde
Loja Matriz,Felipe Oliveira,2024-01-12,20:27,Vendas,20:39,Finalizado,Comercial,Noite
Loja Norte,Beatriz Lima,2024-02-06,16:34,Reclamação,17:06,Cancelado,SAC,Tarde
Loja Matriz,Ricardo Silva,2024-05-18,13:16,Troca,13:49,Finalizado,Logística,Tarde
Sul ao Norte,Amanda Costa,2024-04-16,08:24,Suporte Técnico,08:44,Em Aberto,TI,Manhã
Express Sul,Ricardo Silva,2024-04-01,12:26,Vendas,12:59,Cancelado,Comercial,Tarde
Loja Oeste,Amanda Costa,2024-01-12,17:45,Suporte Técnico,18:33,Finalizado,TI,Tarde
Centro-Oesto,Juliana Santos,2024-01-09,13:15,Suporte Técnico,13:48,Finalizado,TI,Tarde
Sul ao Norte,Carlos Souza,2024-02-27,08:03,Vendas,08:24,Finalizado,Comercial,Manhã
Sul ao Norte,Carlos Souza,2024-01-16,15:42,Financeiro,15:52,Finalizado,Administrativo,Tarde
Loja Sul,Juliana Santos,2024-03-20,21:58,Reclamação,22:36,Em Aberto,SAC,Noite
Express Oeste,Beatriz Lima,2024-03-26,21:02,Troca,21:16,Finalizado,Logística,Noite
Loja Leste,Ricardo Silva,2024-03-08,17:44,Suporte Técnico,18:25,Finalizado,TI,Tarde
Loja Leste,Amanda Costa,2024-05-26,11:29,Financeiro,12:10,Finalizado,Administrativo,Manhã
Express Oeste,Carlos Souza,2024-05-25,19:28,Suporte Técnico,19:44,Finalizado,TI,Tarde
Loja Oeste,Amanda Costa,2024-05-20,20:24,Troca,21:14,Finalizado,Logística,Noite
Loja Leste,Carlos Souza,2024-02-14,18:18,Vendas,19:09,Cancelado,Comercial,Tarde
Loja Oeste,Carlos Souza,2024-04-01,14:26,Financeiro,14:52,Cancelado,Administrativo,Tarde
Centro-Sul,Amanda Costa,2024-01-28,17:27,Vendas,18:20,Em Aberto,Comercial,Tarde
Sul ao Norte,Carlos Souza,2024-02-24,10:30,Suporte Técnico,10:40,Em Aberto,TI,Manhã
Nordeste,Juliana Santos,2024-02-15,15:56,Financeiro,16:24,Em Aberto,Administrativo,Tarde
Centro-Sul,Felipe Oliveira,2024-01-19,11:09,Reclamação,12:08,Em Aberto,SAC,Manhã
Loja Oeste,Juliana Santos,2024-01-09,11:44,Vendas,11:58,Em Aberto,Comercial,Manhã
Loja Leste,Juliana Santos,2024-04-21,11:51,Financeiro,12:27,Finalizado,Administrativo,Manhã
Nordeste,Amanda Costa,2024-05-08,19:14,Financeiro,20:05,Em Aberto,Administrativo,Noite
Sul ao Norte,Carlos Souza,2024-05-27,09:35,Reclamação,10:01,Cancelado,SAC,Manhã
Sul ao Norte,Juliana Santos,2024-05-06,20:56,Troca,21:22,Cancelado,Logística,Noite
Express Oeste,Carlos Souza,2024-02-18,15:00,Vendas,15:37,Finalizado,Comercial,Tarde
Loja Oeste,Ricardo Silva,2024-04-19,19:10,Suporte Técnico,20:01,Finalizado,TI,Tarde
Express Sul,Beatriz Lima,2024-05-20,10:14,Vendas,10:52,Em Aberto,Comercial,Manhã
Centro-Oesto,Felipe Oliveira,2024-03-20,12:46,Reclamação,13:21,Cancelado,SAC,Tarde
Sul ao Norte,Amanda Costa,2024-02-05,19:43,Vendas,20:28,Cancelado,Comercial,Noite
Noroeste,Carlos Souza,2024-02-19,19:26,Vendas,19:50,Cancelado,Comercial,Noite
Centro-Oesto,Ricardo Silva,2024-04-29,09:37,Reclamação,09:54,Cancelado,SAC,Manhã
Loja Leste,Felipe Oliveira,2024-03-02,11:02,Suporte Técnico,11:52,Cancelado,TI,Manhã
Loja Sul,Felipe Oliveira,2024-03-05,09:29,Suporte Técnico,10:06,Cancelado,TI,Manhã
Sul ao Norte,Ricardo Silva,2024-05-16,18:08,Vendas,18:53,Em Aberto,Comercial,Tarde
Nordeste,Ricardo Silva,2024-05-18,17:14,Financeiro,17:38,Em Aberto,Administrativo,Tarde
Loja Norte,Carlos Souza,2024-05-25,19:05,Financeiro,19:48,Cancelado,Administrativo,Tarde
Loja Sul,Felipe Oliveira,2024-01-26,16:23,Suporte Técnico,17:01,Finalizado,TI,Tarde
Centro-Sul,Juliana Santos,2024-01-26,12:40,Troca,13:02,Cancelado,Logística,Tarde
Loja Sul,Ricardo Silva,2024-05-10,09:01,Financeiro,09:47,Cancelado,Administrativo,Manhã
Loja Sul,Carlos Souza,2024-03-09,21:19,Troca,22:12,Finalizado,Logística,Noite
Centro-Sul,Amanda Costa,2024-03-15,18:12,Troca,18:42,Finalizado,Logística,Noite
Centro-Oesto,Carlos Souza,2024-03-05,18:27,Troca,18:55,Finalizado,Logística,Tarde
Loja Sul,Ricardo Silva,2024-05-05,20:45,Troca,21:09,Cancelado,Logística,Tarde
Centro-Sul,Amanda Costa,2024-02-20,17:20,Troca,18:04,Cancelado,Logística,Tarde
Nordeste,Beatriz Lima,2024-03-26,12:42,Troca,12:54,Cancelado,Logística,Tarde
Loja Oeste,Beatriz Lima,2024-04-24,19:13,Troca,20:04,Cancelado,Logística,Tarde
Centro-Sul,Juliana Santos,2024-04-28,13:06,Troca,14:00,Cancelado,Logística,Tarde
Express Oeste,Juliana Santos,2024-03-13,15:15,Reclamação,16:07,Em Aberto,SAC,Tarde
Express Sul,Ricardo Silva,2024-01-28,17:27,Suporte Técnico,17:59,Cancelado,TI,Tarde
Centro-Oesto,Juliana Santos,2024-05-26,20:58,Suporte Técnico,21:46,Em Aberto,TI,Noite
Express Oeste,Amanda Costa,2024-05-20,15:56,Vendas,16:43,Finalizado,Comercial,Tarde
Noroeste,Carlos Souza,2024-01-08,17:45,Reclamação,18:23,Cancelado,SAC,Tarde
Noroeste,Carlos Souza,2024-03-17,08:43,Suporte Técnico,09:17,Cancelado,TI,Manhã
Loja Leste,Juliana Santos,2024-03-18,19:58,Troca,20:19,Finalizado,Logística,Noite
Loja Leste,Ricardo Silva,2024-05-18,20:01,Reclamação,20:58,Finalizado,SAC,Tarde
Loja Norte,Amanda Costa,2024-03-08,09:32,Vendas,10:03,Cancelado,Comercial,Manhã
Nordeste,Juliana Santos,2024-03-06,20:47,Vendas,21:23,Cancelado,Comercial,Noite
Loja Oeste,Ricardo Silva,2024-01-20,10:49,Reclamação,11:35,Finalizado,SAC,Manhã
Express Sul,Beatriz Lima,2024-03-17,18:46,Financeiro,18:59,Em Aberto,Administrativo,Noite
Centro-Sul,Amanda Costa,2024-04-22,18:14,Troca,18:37,Finalizado,Logística,Noite
Noroeste,Amanda Costa,2024-02-07,17:54,Reclamação,18:24,Cancelado,SAC,Tarde
Nordeste,Carlos Souza,2024-02-10,21:13,Financeiro,21:51,Cancelado,Administrativo,Noite
Loja Norte,Ricardo Silva,2024-04-18,10:23,Troca,10:48,Cancelado,Logística,Manhã
Loja Matriz,Juliana Santos,2024-04-12,21:37,Reclamação,22:37,Cancelado,SAC,Noite
Loja Norte,Felipe Oliveira,2024-01-10,18:51,Financeiro,19:39,Finalizado,Administrativo,Noite
Loja Leste,Amanda Costa,2024-04-10,09:59,Troca,10:46,Em Aberto,Logística,Manhã
Loja Matriz,Juliana Santos,2024-05-16,08:34,Troca,08:45,Finalizado,Logística,Manhã
Loja Norte,Felipe Oliveira,2024-02-08,15:20,Financeiro,15:55,Cancelado,Administrativo,Tarde
Loja Oeste,Carlos Souza,2024-04-28,21:36,Vendas,22:06,Cancelado,Comercial,Noite
Nordeste,Ricardo Silva,2024-02-09,14:28,Troca,15:28,Em Aberto,Logística,Tarde
Centro-Sul,Carlos Souza,2024-05-30,10:24,Reclamação,10:36,Finalizado,SAC,Manhã
Loja Sul,Juliana Santos,2024-01-12,08:26,Reclamação,08:42,Em Aberto,SAC,Manhã
Noroeste,Amanda Costa,2024-01-09,20:49,Suporte Técnico,21:12,Cancelado,TI,Noite
Nordeste,Amanda Costa,2024-02-23,08:21,Financeiro,09:12,Cancelado,Administrativo,Manhã
Loja Norte,Juliana Santos,2024-04-25,17:35,Reclamação,18:20,Finalizado,SAC,Tarde
Noroeste,Carlos Souza,2024-05-14,19:57,Suporte Técnico,20:51,Cancelado,TI,Noite
Express Oeste,Felipe Oliveira,2024-01-10,19:22,Financeiro,19:44,Cancelado,Administrativo,Noite
Loja Leste,Amanda Costa,2024-01-20,15:07,Troca,15:33,Cancelado,Logística,Tarde
Noroeste,Amanda Costa,2024-03-11,17:29,Financeiro,18:12,Cancelado,Administrativo,Tarde
Noroeste,Carlos Souza,2024-03-08,19:58,Suporte Técnico,20:58,Finalizado,TI,Noite
Nordeste,Juliana Santos,2024-02-03,16:23,Financeiro,16:47,Finalizado,Administrativo,Tarde
Loja Leste,Felipe Oliveira,2024-03-21,13:02,Troca,13:12,Cancelado,Logística,Tarde
Loja Matriz,Amanda Costa,2024-05-07,13:10,Financeiro,14:05,Cancelado,Administrativo,Tarde
Sul ao Norte,Carlos Souza,2024-05-08,21:22,Reclamação,22:17,Finalizado,SAC,Noite
Centro-Sul,Beatriz Lima,2024-02-19,12:11,Troca,13:02,Em Aberto,Logística,Tarde
Express Sul,Carlos Souza,2024-01-23,09:32,Troca,10:22,Finalizado,Logística,Manhã
Loja Norte,Ricardo Silva,2024-05-14,14:33,Reclamação,15:09,Finalizado,SAC,Tarde
Loja Norte,Felipe Oliveira,2024-05-16,11:42,Reclamação,12:11,Finalizado,SAC,Manhã
Express Oeste,Felipe Oliveira,2024-02-13,09:37,Reclamação,10:20,Em Aberto,SAC,Manhã
Loja Oeste,Carlos Souza,2024-02-13,10:11,Reclamação,10:37,Cancelado,SAC,Manhã
Loja Norte,Felipe Oliveira,2024-01-07,09:56,Reclamação,10:06,Cancelado,SAC,Manhã
Express Sul,Juliana Santos,2024-02-28,20:46,Reclamação,21:15,Em Aberto,SAC,Noite
Centro-Sul,Carlos Souza,2024-03-11,19:16,Vendas,19:36,Cancelado,Comercial,Noite
Loja Oeste,Juliana Santos,2024-02-04,17:14,Reclamação,18:03,Em Aberto,SAC,Tarde
Sul ao Norte,Carlos Souza,2024-04-05,16:26,Reclamação,16:55,Finalizado,SAC,Tarde
Loja Oeste,Beatriz Lima,2024-02-19,17:10,Suporte Técnico,17:24,Finalizado,TI,Tarde
Centro-Sul,Beatriz Lima,2024-03-06,12:49,Suporte Técnico,13:25,Em Aberto,TI,Tarde
Nordeste,Amanda Costa,2024-02-23,18:03,Vendas,18:40,Cancelado,Comercial,Noite
Centro-Oesto,Felipe Oliveira,2024-05-15,10:34,Troca,10:49,Cancelado,Logística,Manhã
Loja Sul,Beatriz Lima,2024-03-20,19:44,Suporte Técnico,20:37,Cancelado,TI,Noite
Express Oeste,Amanda Costa,2024-01-30,12:02,Suporte Técnico,12:33,Cancelado,TI,Tarde
Loja Leste,Amanda Costa,2024-05-03,12:49,Suporte Técnico,13:19,Cancelado,TI,Tarde
Loja Leste,Juliana Santos,2024-02-04,09:53,Vendas,10:03,Em Aberto,Comercial,Manhã
Centro-Oesto,Beatriz Lima,2024-02-05,13:09,Reclamação,13:21,Em Aberto,SAC,Tarde
Loja Sul,Carlos Souza,2024-05-24,19:26,Financeiro,20:17,Em Aberto,Administrativo,Noite
Noroeste,Carlos Souza,2024-03-06,12:38,Suporte Técnico,12:55,Em Aberto,TI,Tarde
Centro-Oesto,Felipe Oliveira,2024-05-11,20:37,Reclamação,21:19,Em Aberto,SAC,Noite
Loja Leste,Juliana Santos,2024-04-26,17:35,Reclamação,18:04,Finalizado,SAC,Tarde
Express Sul,Beatriz Lima,2024-01-11,08:31,Troca,09:30,Cancelado,Logística,Manhã
Loja Norte,Amanda Costa,2024-04-08,19:26,Financeiro,20:06,Cancelado,Administrativo,Noite
Express Oeste,Beatriz Lima,2024-01-30,12:57,Suporte Técnico,13:07,Cancelado,TI,Tarde
Loja Matriz,Beatriz Lima,2024-03-31,19:51,Financeiro,20:41,Cancelado,Administrativo,Noite
Sul ao Norte,Juliana Santos,2024-02-28,09:26,Financeiro,10:17,Cancelado,Administrativo,Manhã
Express Oeste,Amanda Costa,2024-02-04,19:44,Troca,20:19,Cancelado,Logística,Noite
Loja Sul,Beatriz Lima,2024-01-15,16:57,Troca,17:28,Finalizado,Logística,Tarde
Express Sul,Beatriz Lima,2024-04-28,19:29,Financeiro,19:52,Cancelado,Administrativo,Noite
Loja Oeste,Felipe Oliveira,2024-02-15,20:02,Vendas,20:41,Cancelado,Comercial,Noite
Loja Norte,Felipe Oliveira,2024-01-16,17:45,Reclamação,18:44,Cancelado,SAC,Tarde
Express Sul,Juliana Santos,2024-01-16,16:14,Reclamação,16:40,Em Aberto,SAC,Tarde
Loja Matriz,Carlos Souza,2024-01-04,16:02,Reclamação,16:45,Em Aberto,SAC,Tarde
Sul ao Norte,Juliana Santos,2024-04-07,16:32,Reclamação,16:46,Cancelado,SAC,Tarde
Loja Matriz,Beatriz Lima,2024-03-07,14:36,Suporte Técnico,14:48,Cancelado,TI,Tarde
Loja Norte,Ricardo Silva,2024-05-04,10:58,Suporte Técnico,11:27,Cancelado,TI,Manhã
Express Sul,Juliana Santos,2024-03-11,16:15,Vendas,16:25,Finalizado,Comercial,Tarde
Sul ao Norte,Carlos Souza,2024-02-22,20:25,Troca,21:23,Em Aberto,Logística,Noite
Loja Norte,Beatriz Lima,2024-03-19,11:56,Reclamação,12:06,Cancelado,SAC,Manhã
Express Oeste,Felipe Oliveira,2024-02-04,08:30,Reclamação,08:48,Em Aberto,SAC,Manhã
Loja Leste,Ricardo Silva,2024-02-26,20:38,Troca,21:31,Em Aberto,Logística,Noite
Noroeste,Ricardo Silva,2024-01-27,13:40,Financeiro,14:04,Em Aberto,Administrativo,Tarde
Express Oeste,Juliana Santos,2024-01-16,08:40,Troca,08:59,Em Aberto,Logística,Manhã
Nordeste,Carlos Souza,2024-04-20,10:46,Suporte Técnico,11:45,Finalizado,TI,Manhã
Loja Leste,Amanda Costa,2024-03-16,20:19,Reclamação,20:40,Finalizado,SAC,Noite
Loja Oeste,Carlos Souza,2024-02-26,10:07,Suporte Técnico,10:52,Em Aberto,TI,Manhã
Loja Matriz,Felipe Oliveira,2024-01-10,11:23,Reclamação,12:12,Cancelado,SAC,Manhã
Loja Norte,Felipe Oliveira,2024-01-16,17:09,Reclamação,17:30,Em Aberto,SAC,Tarde
Sul ao Norte,Felipe Oliveira,2024-05-07,15:31,Financeiro,15:41,Cancelado,Administrativo,Tarde
Loja Oeste,Carlos Souza,2024-02-11,12:54,Reclamação,13:37,Em Aberto,SAC,Tarde
Loja Sul,Felipe Oliveira,2024-05-04,14:09,Reclamação,14:23,Finalizado,SAC,Tarde
Loja Matriz,Amanda Costa,2024-04-19,11:50,Reclamação,12:16,Em Aberto,SAC,Manhã
Nordeste,Juliana Santos,2024-04-13,11:28,Financeiro,11:39,Em Aberto,Administrativo,Manhã
Centro-Oesto,Beatriz Lima,2024-03-06,11:56,Suporte Técnico,12:17,Cancelado,TI,Manhã
Sul ao Norte,Beatriz Lima,2024-04-11,17:54,Suporte Técnico,18:14,Cancelado,TI,Tarde
Sul ao Norte,Carlos Souza,2024-05-22,11:22,Financeiro,11:55,Finalizado,Administrativo,Manhã
Express Sul,Amanda Costa,2024-03-11,13:04,Suporte Técnico,13:31,Finalizado,TI,Tarde
Loja Norte,Felipe Oliveira,2024-02-21,11:28,Vendas,12:18,Finalizado,Comercial,Manhã
Loja Norte,Beatriz Lima,2024-02-26,09:54,Reclamação,10:24,Finalizado,SAC,Manhã
Sul ao Norte,Juliana Santos,2024-02-22,09:21,Reclamação,09:54,Em Aberto,SAC,Manhã
Loja Leste,Felipe Oliveira,2024-04-11,12:34,Troca,13:26,Cancelado,Logística,Tarde
Loja Oeste,Felipe Oliveira,2024-04-26,12:57,Troca,13:55,Finalizado,Logística,Tarde
Centro-Sul,Ricardo Silva,2024-04-06,13:52,Troca,14:51,Em Aberto,Logística,Tarde
Centro-Oesto,Ricardo Silva,2024-04-23,19:07,Troca,19:29,Cancelado,Logística,Noite
Nordeste,Beatriz Lima,2024-01-06,15:29,Reclamação,16:25,Em Aberto,SAC,Tarde
Sul ao Norte,Ricardo Silva,2024-03-05,10:55,Financeiro,11:06,Cancelado,Administrativo,Manhã
Express Sul,Felipe Oliveira,2024-01-05,21:59,Financeiro,22:48,Em Aberto,Administrativo,Noite
Loja Oeste,Carlos Souza,2024-01-25,09:14,Financeiro,09:37,Finalizado,Administrativo,Manhã
Centro-Sul,Juliana Santos,2024-01-26,16:05,Troca,16:46,Finalizado,Logística,Tarde
Centro-Sul,Amanda Costa,2024-04-24,13:32,Vendas,14:10,Finalizado,Comercial,Tarde
Centro-Sul,Juliana Santos,2024-02-08,09:54,Reclamação,10:51,Em Aberto,SAC,Manhã
Centro-Sul,Ricardo Silva,2024-02-21,09:32,Troca,10:04,Finalizado,Logística,Manhã
Loja Sul,Carlos Souza,2024-05-15,15:33,Vendas,15:50,Finalizado,Comercial,Tarde
Express Oeste,Felipe Oliveira,2024-03-30,12:23,Troca,13:17,Em Aberto,Logística,Tarde
Nordeste,Felipe Oliveira,2024-03-29,16:13,Vendas,16:54,Finalizado,Comercial,Tarde
Express Oeste,Beatriz Lima,2024-05-26,08:26,Troca,08:52,Cancelado,Logística,Manhã
Express Oeste,Amanda Costa,2024-03-14,13:56,Financeiro,14:23,Finalizado,Administrativo,Tarde
Centro-Oesto,Felipe Oliveira,2024-05-05,08:10,Troca,08:41,Finalizado,Logística,Manhã
Loja Norte,Juliana Santos,2024-05-11,13:43,Financeiro,14:29,Finalizado,Administrativo,Tarde
Express Sul,Amanda Costa,2024-03-04,21:06,Reclamação,21:33,Cancelado,SAC,Noite
Express Oeste,Beatriz Lima,2024-04-11,15:13,Suporte Técnico,15:31,Cancelado,TI,Tarde
Centro-Sul,Amanda Costa,2024-01-11,08:04,Vendas,08:33,Em Aberto,Comercial,Manhã
Loja Norte,Carlos Souza,2024-01-09,08:42,Financeiro,09:41,Em Aberto,Administrativo,Manhã
Centro-Sul,Carlos Souza,2024-03-17,08:35,Financeiro,09:23,Finalizado,Administrativo,Manhã
Express Sul,Beatriz Lima,2024-02-16,08:17,Reclamação,08:46,Em Aberto,SAC,Manhã
Express Oeste,Felipe Oliveira,2024-02-16,18:41,Reclamação,18:51,Finalizado,SAC,Noite
Noroeste,Ricardo Silva,2024-01-19,19:07,Suporte Técnico,19:28,Cancelado,TI,Noite
Express Sul,Ricardo Silva,2024-05-21,10:43,Suporte Técnico,10:54,Cancelado,TI,Manhã
Sul ao Norte,Felipe Oliveira,2024-01-10,16:22,Suporte Técnico,16:33,Em Aberto,TI,Tarde
Loja Oeste,Carlos Souza,2024-04-22,10:15,Troca,10:42,Finalizado,Logística,Manhã
Centro-Sul,Amanda Costa,2024-01-25,13:46,Reclamação,14:10,Cancelado,SAC,Tarde
Express Oeste,Amanda Costa,2024-01-19,15:59,Troca,16:27,Cancelado,Logística,Tarde
Loja Leste,Juliana Santos,2024-02-16,17:26,Reclamação,18:25,Em Aberto,SAC,Tarde
Loja Norte,Carlos Souza,2024-03-11,08:29,Vendas,08:48,Em Aberto,Comercial,Manhã
Centro-Oesto,Juliana Santos,2024-03-11,11:17,Suporte Técnico,11:35,Cancelado,TI,Manhã
Express Sul,Felipe Oliveira,2024-03-07,11:19,Reclamação,11:30,Cancelado,SAC,Manhã
Sul ao Norte,Carlos Souza,2024-05-02,13:34,Reclamação,14:07,Em Aberto,SAC,Tarde
Centro-Oesto,Felipe Oliveira,2024-03-14,13:34,Suporte Técnico,14:20,Finalizado,TI,Tarde
Express Oeste,Amanda Costa,2024-01-15,10:28,Financeiro,11:28,Finalizado,Administrativo,Manhã
Centro-Oesto,Felipe Oliveira,2024-04-16,08:04,Financeiro,08:30,Em Aberto,Administrativo,Manhã
Express Oeste,Juliana Santos,2024-03-25,15:40,Troca,16:02,Finalizado,Logística,Tarde
Nordeste,Felipe Oliveira,2024-03-24,13:39,Reclamação,14:19,Finalizado,SAC,Tarde
Express Sul,Felipe Oliveira,2024-04-04,16:54,Vendas,17:52,Finalizado,Comercial,Tarde
Sul ao Norte,Beatriz Lima,2024-03-12,09:20,Financeiro,09:58,Cancelado,Administrativo,Manhã
Loja Matriz,Felipe Oliveira,2024-02-14,17:17,Reclamação,17:40,Cancelado,SAC,Tarde
Loja Oeste,Felipe Oliveira,2024-01-31,17:47,Financeiro,18:23,Finalizado,Administrativo,Tarde
Loja Leste,Carlos Souza,2024-05-06,08:11,Troca,08:39,Em Aberto,Logística,Manhã
Noroeste,Carlos Souza,2024-04-15,18:37,Financeiro,19:27,Cancelado,Administrativo,Noite
Loja Sul,Carlos Souza,2024-01-04,20:07,Suporte Técnico,21:01,Cancelado,TI,Noite
Loja Norte,Amanda Costa,2024-05-17,15:37,Suporte Técnico,16:22,Finalizado,TI,Tarde
Loja Leste,Juliana Santos,2024-05-11,21:40,Financeiro,22:25,Finalizado,Administrativo,Noite
Centro-Oesto,Carlos Souza,2024-04-20,11:00,Suporte Técnico,11:17,Cancelado,TI,Manhã
Centro-Oesto,Felipe Oliveira,2024-02-17,17:04,Financeiro,17:51,Em Aberto,Administrativo,Tarde
Centro-Sul,Amanda Costa,2024-05-22,11:50,Troca,12:27,Finalizado,Logística,Manhã
Express Sul,Ricardo Silva,2024-04-19,12:33,Financeiro,12:56,Cancelado,Administrativo,Tarde
Centro-Oesto,Juliana Santos,2024-04-09,15:09,Troca,16:06,Cancelado,Logística,Tarde
Express Oeste,Juliana Santos,2024-02-03,16:57,Reclamação,17:35,Em Aberto,SAC,Tarde
Loja Norte,Beatriz Lima,2024-05-05,08:19,Financeiro,08:30,Em Aberto,Administrativo,Manhã
Loja Norte,Carlos Souza,2024-04-21,12:59,Reclamação,13:54,Cancelado,SAC,Tarde
Centro-Oesto,Carlos Souza,2024-05-08,21:07,Vendas,21:50,Finalizado,Comercial,Noite
Noroeste,Carlos Souza,2024-02-22,21:08,Vendas,22:08,Cancelado,Comercial,Noite
Loja Sul,Carlos Souza,2024-02-07,14:29,Suporte Técnico,15:01,Em Aberto,TI,Tarde
Loja Oeste,Amanda Costa,2024-03-19,20:59,Reclamação,21:55,Finalizado,SAC,Noite
Loja Matriz,Felipe Oliveira,2024-01-29,09:47,Vendas,10:10,Em Aberto,Comercial,Manhã
Express Oeste,Felipe Oliveira,2024-03-05,20:43,Suporte Técnico,21:06,Cancelado,TI,Noite
Loja Oeste,Carlos Souza,2024-03-05,21:17,Financeiro,21:50,Finalizado,Administrativo,Noite
Noroeste,Amanda Costa,2024-03-06,21:41,Troca,22:21,Finalizado,Logística,Noite
Centro-Sul,Beatriz Lima,2024-01-12,17:18,Vendas,18:00,Cancelado,Comercial,Tarde
Loja Oeste,Amanda Costa,2024-01-22,12:26,Suporte Técnico,13:00,Finalizado,TI,Tarde
Express Sul,Beatriz Lima,2024-03-02,21:10,Reclamação,21:34,Finalizado,SAC,Noite
Loja Sul,Amanda Costa,2024-03-16,12:17,Financeiro,13:15,Em Aberto,Administrativo,Tarde
Centro-Sul,Carlos Souza,2024-04-29,09:22,Vendas,09:32,Finalizado,Comercial,Manhã
Loja Matriz,Felipe Oliveira,2024-03-24,14:54,Financeiro,15:40,Cancelado,Administrativo,Tarde
Noroeste,Beatriz Lima,2024-01-13,09:46,Troca,10:03,Em Aberto,Logística,Manhã
Loja Norte,Amanda Costa,2024-04-15,11:48,Reclamação,12:26,Cancelado,SAC,Manhã
Centro-Oesto,Ricardo Silva,2024-03-15,11:35,Suporte Técnico,12:08,Cancelado,TI,Manhã
Loja Norte,Juliana Santos,2024-05-25,11:16,Troca,11:48,Cancelado,Logística,Manhã
Loja Sul,Juliana Santos,2024-01-25,13:42,Troca,14:20,Finalizado,Logística,Tarde
Express Sul,Beatriz Lima,2024-03-21,19:41,Financeiro,20:02,Cancelado,Administrativo,Noite
Loja Oeste,Carlos Souza,2024-04-30,20:58,Reclamação,21:18,Finalizado,SAC,Noite
Centro-Oesto,Ricardo Silva,2024-05-27,21:32,Suporte Técnico,21:47,Em Aberto,TI,Noite
Loja Matriz,Beatriz Lima,2024-03-08,11:16,Suporte Técnico,11:31,Finalizado,TI,Manhã
Express Sul,Beatriz Lima,2024-04-08,16:53,Vendas,17:37,Cancelado,Comercial,Tarde
Loja Oeste,Felipe Oliveira,2024-04-18,08:29,Troca,08:57,Cancelado,Logística,Manhã
Noroeste,Carlos Souza,2024-03-20,12:47,Financeiro,13:25,Em Aberto,Administrativo,Tarde
Centro-Sul,Felipe Oliveira,2024-05-08,16:06,Troca,16:31,Finalizado,Logística,Tarde
Nordeste,Amanda Costa,2024-01-01,13:20,Reclamação,14:18,Em Aberto,SAC,Tarde
Nordeste,Beatriz Lima,2024-04-08,20:34,Vendas,21:00,Em Aberto,Comercial,Noite
Loja Sul,Beatriz Lima,2024-01-30,13:05,Troca,13:44,Em Aberto,Logística,Tarde
Express Oeste,Carlos Souza,2024-01-26,16:46,Troca,17:41,Cancelado,Logística,Tarde
Express Sul,Amanda Costa,2024-02-05,14:12,Financeiro,14:58,Em Aberto,Administrativo,Tarde
Centro-Sul,Carlos Souza,2024-04-26,08:36,Suporte Técnico,09:26,Finalizado,TI,Manhã
Loja Sul,Juliana Santos,2024-05-04,18:01,Financeiro,18:18,Cancelado,Administrativo,Noite
Noroeste,Juliana Santos,2024-01-27,16:05,Reclamação,16:15,Finalizado,SAC,Tarde
Loja Matriz,Beatriz Lima,2024-05-24,10:57,Suporte Técnico,11:29,Cancelado,TI,Manhã
Loja Leste,Carlos Souza,2024-04-22,20:21,Suporte Técnico,20:45,Em Aberto,TI,Noite
Loja Leste,Juliana Santos,2024-01-02,08:05,Troca,08:18,Cancelado,Logística,Manhã
Loja Matriz,Carlos Souza,2024-01-16,13:07,Suporte Técnico,13:18,Finalizado,TI,Tarde
Nordeste,Felipe Oliveira,2024-05-01,09:10,Suporte Técnico,09:35,Em Aberto,TI,Manhã
Express Oeste,Beatriz Lima,2024-02-20,12:49,Financeiro,13:30,Em Aberto,Administrativo,Tarde
Noroeste,Ricardo Silva,2024-03-19,08:27,Financeiro,08:37,Cancelado,Administrativo,Manhã
Nordeste,Amanda Costa,2024-02-23,16:47,Vendas,17:03,Finalizado,Comercial,Tarde
Express Oeste,Beatriz Lima,2024-05-04,09:37,Troca,09:52,Cancelado,Logística,Manhã
Centro-Oesto,Ricardo Silva,2024-03-20,19:44,Financeiro,20:31,Finalizado,Administrativo,Noite
Nordeste,Juliana Santos,2024-04-02,20:16,Reclamação,20:35,Cancelado,SAC,Noite
Express Sul,Beatriz Lima,2024-03-30,12:55,Reclamação,13:18,Em Aberto,SAC,Tarde
Sul ao Norte,Amanda Costa,2024-04-08,14:38,Reclamação,15:35,Cancelado,SAC,Tarde
Loja Sul,Beatriz Lima,2024-05-30,19:02,Troca,19:40,Cancelado,Logística,Noite
Centro-Sul,Amanda Costa,2024-05-29,16:25,Vendas,16:46,Cancelado,Comercial,Tarde
Noroeste,Beatriz Lima,2024-01-28,15:43,Reclamação,16:15,Cancelado,SAC,Tarde
Loja Leste,Beatriz Lima,2024-01-23,10:15,Suporte Técnico,11:14,Finalizado,TI,Manhã
Noroeste,Juliana Santos,2024-02-25,15:33,Suporte Técnico,15:45,Em Aberto,TI,Tarde
Loja Matriz,Felipe Oliveira,2024-04-22,09:13,Suporte Técnico,10:13,Cancelado,TI,Manhã
Sul ao Norte,Amanda Costa,2024-02-24,19:56,Troca,20:28,Cancelado,Logística,Noite
Loja Sul,Ricardo Silva,2024-05-28,11:10,Troca,11:47,Cancelado,Logística,Manhã
Nordeste,Ricardo Silva,2024-04-29,08:50,Vendas,09:21,Em Aberto,Comercial,Manhã
Loja Oeste,Beatriz Lima,2024-04-25,18:24,Troca,18:48,Cancelado,Logística,Noite
Loja Matriz,Felipe Oliveira,2024-02-18,20:07,Suporte Técnico,20:41,Cancelado,TI,Noite
Loja Leste,Amanda Costa,2024-01-31,21:48,Reclamação,22:20,Cancelado,SAC,Noite
Centro-Sul,Amanda Costa,2024-02-17,11:46,Vendas,12:27,Finalizado,Comercial,Manhã
Express Sul,Beatriz Lima,2024-03-16,15:26,Troca,15:48,Finalizado,Logística,Tarde
Centro-Sul,Ricardo Silva,2024-03-15,18:49,Troca,19:01,Cancelado,Logística,Noite
Loja Sul,Felipe Oliveira,2024-02-04,13:01,Suporte Técnico,13:29,Cancelado,TI,Tarde
Express Oeste,Carlos Souza,2024-03-29,11:05,Troca,11:21,Cancelado,Logística,Manhã
Centro-Sul,Beatriz Lima,2024-05-03,17:41,Financeiro,18:18,Em Aberto,Administrativo,Tarde
Loja Leste,Juliana Santos,2024-05-27,09:37,Financeiro,10:22,Cancelado,Administrativo,Manhã
Loja Leste,Felipe Oliveira,2024-01-23,13:45,Financeiro,14:00,Cancelado,Administrativo,Tarde
Centro-Oesto,Carlos Souza,2024-04-26,08:00,Troca,08:27,Cancelado,Logística,Manhã
Loja Sul,Amanda Costa,2024-04-24,12:45,Troca,13:09,Cancelado,Logística,Tarde
Express Sul,Juliana Santos,2024-03-06,16:00,Financeiro,16:34,Finalizado,Administrativo,Tarde
Loja Matriz,Felipe Oliveira,2024-04-29,17:55,Reclamação,18:54,Finalizado,SAC,Tarde
Sul ao Norte,Beatriz Lima,2024-04-13,19:17,Troca,19:58,Em Aberto,Logística,Noite
Loja Leste,Amanda Costa,2024-01-27,15:09,Suporte Técnico,15:46,Cancelado,TI,Tarde
Express Sul,Felipe Oliveira,2024-01-08,14:44,Financeiro,15:29,Cancelado,Administrativo,Tarde
Noroeste,Carlos Souza,2024-04-11,21:21,Suporte Técnico,21:47,Cancelado,TI,Noite
Centro-Oesto,Amanda Costa,2024-02-27,17:06,Vendas,17:34,Cancelado,Comercial,Tarde
Loja Oeste,Felipe Oliveira,2024-04-18,08:03,Suporte Técnico,08:14,Cancelado,TI,Manhã
Loja Leste,Amanda Costa,2024-03-14,11:22,Financeiro,11:35,Finalizado,Administrativo,Manhã
Express Oeste,Ricardo Silva,2024-01-20,10:01,Vendas,10:50,Finalizado,Comercial,Manhã
Loja Oeste,Felipe Oliveira,2024-01-02,10:28,Reclamação,10:44,Finalizado,SAC,Manhã
Centro-Oesto,Juliana Santos,2024-04-18,10:37,Reclamação,10:47,Finalizado,SAC,Manhã
Noroeste,Carlos Souza,2024-05-19,12:13,Financeiro,12:52,Em Aberto,Administrativo,Tarde
Express Sul,Amanda Costa,2024-01-21,21:21,Financeiro,21:46,Cancelado,Administrativo,Noite
Noroeste,Felipe Oliveira,2024-05-29,16:13,Financeiro,16:44,Finalizado,Administrativo,Tarde
Centro-Oesto,Felipe Oliveira,2024-03-07,11:51,Vendas,12:26,Finalizado,Comercial,Manhã
Loja Norte,Amanda Costa,2024-02-24,18:59,Reclamação,19:34,Em Aberto,SAC,Noite
Nordeste,Beatriz Lima,2024-02-09,15:26,Reclamação,16:22,Em Aberto,SAC,Tarde
Loja Sul,Juliana Santos,2024-04-06,08:25,Reclamação,09:16,Em Aberto,SAC,Manhã
Loja Matriz,Carlos Souza,2024-05-25,15:55,Reclamação,16:30,Cancelado,SAC,Tarde
Sul ao Norte,Carlos Souza,2024-04-09,18:03,Financeiro,18:32,Cancelado,Administrativo,Noite
Noroeste,Juliana Santos,2024-02-19,16:22,Vendas,16:35,Cancelado,Comercial,Tarde
Noroeste,Juliana Santos,2024-03-28,18:22,Troca,18:58,Cancelado,Logística,Noite
Express Oeste,Amanda Costa,2024-04-26,10:53,Financeiro,11:09,Cancelado,Administrativo,Manhã
Loja Matriz,Beatriz Lima,2024-05-21,16:00,Suporte Técnico,16:13,Cancelado,TI,Tarde
Loja Matriz,Ricardo Silva,2024-01-01,11:27,Financeiro,11:53,Cancelado,Administrativo,Manhã
Loja Leste,Beatriz Lima,2024-02-09,10:32,Troca,11:01,Cancelado,Logística,Manhã
Loja Leste,Felipe Oliveira,2024-04-23,15:41,Reclamação,16:06,Finalizado,SAC,Tarde
Centro-Sul,Amanda Costa,2024-01-04,18:11,Troca,18:23,Finalizado,Logística,Noite
Express Oeste,Juliana Santos,2024-02-25,16:28,Vendas,17:02,Finalizado,Comercial,Tarde
Sul ao Norte,Amanda Costa,2024-04-09,20:10,Reclamação,20:44,Cancelado,SAC,Noite
Loja Norte,Ricardo Silva,2024-05-13,10:08,Vendas,11:04,Cancelado,Comercial,Manhã
Loja Matriz,Ricardo Silva,2024-04-15,10:34,Vendas,11:09,Cancelado,Comercial,Manhã
Sul ao Norte,Juliana Santos,2024-03-23,14:05,Vendas,14:53,Em Aberto,Comercial,Tarde
Nordeste,Juliana Santos,2024-04-28,11:13,Reclamação,11:23,Em Aberto,SAC,Manhã
Loja Oeste,Carlos Souza,2024-05-20,15:39,Vendas,16:23,Cancelado,Comercial,Tarde
Loja Oeste,Felipe Oliveira,2024-02-26,09:14,Financeiro,10:12,Em Aberto,Administrativo,Manhã
Loja Sul,Amanda Costa,2024-04-27,16:26,Reclamação,17:14,Em Aberto,SAC,Tarde
Loja Oeste,Beatriz Lima,2024-01-30,21:08,Reclamação,21:44,Finalizado,SAC,Noite
Centro-Oesto,Amanda Costa,2024-01-07,08:29,Troca,09:12,Em Aberto,Logística,Manhã
Centro-Sul,Ricardo Silva,2024-03-24,11:19,Troca,12:10,Finalizado,Logística,Manhã
Loja Sul,Ricardo Silva,2024-03-15,17:26,Financeiro,18:01,Finalizado,Administrativo,Tarde
Loja Oeste,Ricardo Silva,2024-02-01,15:11,Troca,16:11,Em Aberto,Logística,Tarde
Noroeste,Beatriz Lima,2024-02-04,18:25,Suporte Técnico,19:07,Cancelado,TI,Noite
Loja Oeste,Beatriz Lima,2024-03-01,20:07,Financeiro,20:47,Cancelado,Administrativo,Noite
Express Oeste,Carlos Souza,2024-03-20,15:58,Vendas,16:40,Finalizado,Comercial,Tarde
Loja Norte,Amanda Costa,2024-04-18,14:53,Financeiro,15:45,Finalizado,Administrativo,Tarde
Sul ao Norte,Felipe Oliveira,2024-02-02,12:53,Troca,13:06,Finalizado,Logística,Tarde
Express Oeste,Amanda Costa,2024-02-27,20:50,Vendas,21:24,Em Aberto,Comercial,Noite
Sul ao Norte,Felipe Oliveira,2024-04-24,17:09,Vendas,17:25,Em Aberto,Comercial,Tarde
Loja Sul,Juliana Santos,2024-04-22,16:53,Reclamação,17:25,Cancelado,SAC,Tarde
Noroeste,Carlos Souza,2024-02-26,20:19,Suporte Técnico,20:47,Em Aberto,TI,Noite
Centro-Sul,Ricardo Silva,2024-03-08,20:56,Financeiro,21:25,Em Aberto,Administrativo,Noite
Express Sul,Beatriz Lima,2024-02-10,20:22,Financeiro,20:33,Cancelado,Administrativo,Noite
Sul ao Norte,Juliana Santos,2024-05-08,17:52,Reclamação,18:05,Em Aberto,SAC,Tarde
Loja Oeste,Felipe Oliveira,2024-04-13,21:17,Reclamação,22:01,Em Aberto,SAC,Noite
Nordeste,Juliana Santos,2024-04-16,13:59,Financeiro,14:11,Finalizado,Administrativo,Tarde
Nordeste,Ricardo Silva,2024-03-12,18:37,Reclamação,19:36,Em Aberto,SAC,Noite
Loja Oeste,Juliana Santos,2024-05-27,11:49,Reclamação,12:25,Cancelado,SAC,Manhã
Loja Norte,Carlos Souza,2024-05-29,13:19,Vendas,13:44,Finalizado,Comercial,Tarde
Loja Norte,Ricardo Silva,2024-03-13,08:50,Reclamação,09:24,Finalizado,SAC,Manhã
Noroeste,Ricardo Silva,2024-05-30,10:59,Reclamação,11:41,Em Aberto,SAC,Manhã
Express Oeste,Juliana Santos,2024-05-05,14:28,Troca,14:39,Cancelado,Logística,Tarde
Express Oeste,Beatriz Lima,2024-05-29,18:26,Reclamação,19:22,Finalizado,SAC,Noite
Loja Sul,Amanda Costa,2024-03-15,21:37,Vendas,22:25,Em Aberto,Comercial,Noite
Centro-Oesto,Felipe Oliveira,2024-02-01,17:08,Financeiro,17:49,Em Aberto,Administrativo,Tarde
Loja Matriz,Beatriz Lima,2024-02-02,11:34,Financeiro,12:01,Em Aberto,Administrativo,Manhã
Loja Oeste,Amanda Costa,2024-02-24,12:47,Financeiro,13:17,Em Aberto,Administrativo,Tarde
Loja Leste,Amanda Costa,2024-03-25,21:08,Financeiro,21:52,Cancelado,Administrativo,Noite
Centro-Sul,Carlos Souza,2024-02-27,12:44,Reclamação,13:40,Em Aberto,SAC,Tarde
Sul ao Norte,Juliana Santos,2024-01-28,19:12,Vendas,19:48,Cancelado,Comercial,Noite
Nordeste,Carlos Souza,2024-02-22,10:22,Suporte Técnico,11:04,Finalizado,TI,Manhã
Loja Leste,Ricardo Silva,2024-01-16,17:56,Suporte Técnico,18:53,Cancelado,TI,Tarde
Loja Norte,Carlos Souza,2024-02-07,16:04,Suporte Técnico,16:14,Cancelado,TI,Tarde
Express Sul,Carlos Souza,2024-04-26,19:47,Suporte Técnico,20:02,Finalizado,TI,Noite
Loja Oeste,Beatriz Lima,2024-01-18,11:27,Financeiro,12:14,Cancelado,Administrativo,Manhã
Sul ao Norte,Beatriz Lima,2024-05-04,13:52,Troca,14:51,Em Aberto,Logística,Tarde
Nordeste,Felipe Oliveira,2024-02-04,14:22,Suporte Técnico,14:59,Em Aberto,TI,Tarde
Sul ao Norte,Carlos Souza,2024-04-23,19:44,Troca,20:27,Em Aberto,Logística,Noite
Centro-Sul,Felipe Oliveira,2024-05-22,13:36,Reclamação,14:00,Em Aberto,SAC,Tarde
Loja Oeste,Beatriz Lima,2024-03-02,17:17,Vendas,17:45,Em Aberto,Comercial,Tarde
Loja Sul,Carlos Souza,2024-04-22,21:33,Suporte Técnico,22:27,Cancelado,TI,Noite
Loja Oeste,Amanda Costa,2024-03-16,16:00,Reclamação,16:59,Finalizado,SAC,Tarde
Loja Norte,Ricardo Silva,2024-04-22,15:34,Vendas,15:51,Cancelado,Comercial,Tarde
Centro-Sul,Felipe Oliveira,2024-02-08,12:44,Troca,13:07,Cancelado,Logística,Tarde
Nordeste,Beatriz Lima,2024-04-19,09:36,Reclamação,10:35,Finalizado,SAC,Manhã
Loja Leste,Juliana Santos,2024-02-10,19:54,Financeiro,20:47,Em Aberto,Administrativo,Tarde
Loja Sul,Amanda Costa,2024-01-06,13:38,Suporte Técnico,13:54,Cancelado,TI,Tarde
Loja Leste,Felipe Oliveira,2024-02-23,11:24,Financeiro,11:40,Cancelado,Administrativo,Manhã
Sul ao Norte,Carlos Souza,2024-01-25,20:46,Suporte Técnico,20:57,Cancelado,TI,Noite
Centro-Oesto,Amanda Costa,2024-02-18,18:08,Reclamação,18:58,Finalizado,SAC,Tarde
Express Sul,Ricardo Silva,2024-01-23,18:59,Financeiro,19:16,Em Aberto,Administrativo,Noite
Centro-Oesto,Beatriz Lima,2024-01-28,10:25,Troca,11:18,Em Aberto,Logística,Manhã
Noroeste,Felipe Oliveira,2024-03-30,08:47,Suporte Técnico,09:04,Cancelado,TI,Manhã
Loja Sul,Juliana Santos,2024-04-04,20:45,Vendas,21:33,Finalizado,Comercial,Noite
Loja Matriz,Beatriz Lima,2024-03-23,14:27,Suporte Técnico,15:00,Finalizado,TI,Tarde
Loja Sul,Felipe Oliveira,2024-02-25,09:42,Vendas,10:36,Finalizado,Comercial,Manhã
Sul ao Norte,Felipe Oliveira,2024-01-22,09:30,Suporte Técnico,10:26,Finalizado,TI,Manhã
Centro-Oesto,Juliana Santos,2024-03-28,21:43,Financeiro,22:05,Cancelado,Administrativo,Noite
Noroeste,Beatriz Lima,2024-02-22,09:05,Vendas,09:17,Em Aberto,Comercial,Manhã
Loja Norte,Beatriz Lima,2024-04-11,08:07,Financeiro,08:42,Finalizado,Administrativo,Manhã
Loja Leste,Beatriz Lima,2024-04-30,13:52,Troca,14:26,Em Aberto,Logística,Tarde
Loja Norte,Juliana Santos,2024-04-25,12:40,Reclamação,12:52,Finalizado,SAC,Tarde
Loja Matriz,Beatriz Lima,2024-03-28,15:22,Suporte Técnico,15:50,Finalizado,TI,Tarde
Sul ao Norte,Beatriz Lima,2024-02-05,21:50,Vendas,22:10,Finalizado,Comercial,Tarde
Loja Matriz,Felipe Oliveira,2024-05-29,17:21,Reclamação,18:03,Em Aberto,SAC,Tarde
Noroeste,Amanda Costa,2024-03-08,16:03,Suporte Técnico,16:40,Em Aberto,TI,Tarde
Express Oeste,Beatriz Lima,2024-05-28,20:48,Vendas,21:37,Finalizado,Comercial,Tarde
Loja Oeste,Beatriz Lima,2024-04-04,15:14,Financeiro,16:13,Em Aberto,Administrativo,Tarde
Loja Oeste,Juliana Santos,2024-04-11,08:29,Troca,08:45,Cancelado,Logística,Manhã
Loja Sul,Beatriz Lima,2024-05-22,13:59,Reclamação,14:54,Finalizado,SAC,Tarde
Loja Sul,Juliana Santos,2024-04-01,18:29,Reclamação,18:53,Cancelado,SAC,Noite
Express Sul,Felipe Oliveira,2024-03-12,19:52,Troca,20:26,Cancelado,Logística,Noite
Loja Matriz,Juliana Santos,2024-01-19,17:34,Reclamação,18:24,Em Aberto,SAC,Tarde
Sul ao Norte,Juliana Santos,2024-01-06,16:58,Suporte Técnico,17:54,Em Aberto,TI,Tarde
Express Sul,Amanda Costa,2024-05-16,11:24,Vendas,11:58,Finalizado,Comercial,Manhã
Loja Leste,Felipe Oliveira,2024-03-13,08:35,Financeiro,09:04,Em Aberto,Administrativo,Manhã
Loja Leste,Carlos Souza,2024-02-29,11:05,Reclamação,11:57,Em Aberto,SAC,Manhã
Express Oeste,Felipe Oliveira,2024-01-29,13:26,Vendas,14:14,Finalizado,Comercial,Tarde
Express Sul,Ricardo Silva,2024-02-29,11:10,Suporte Técnico,11:26,Em Aberto,TI,Manhã
Nordeste,Juliana Santos,2024-05-29,10:57,Vendas,11:25,Finalizado,Comercial,Manhã
Sul ao Norte,Juliana Santos,2024-05-27,13:40,Financeiro,14:29,Em Aberto,Administrativo,Tarde
Loja Norte,Amanda Costa,2024-04-24,13:12,Vendas,14:10,Em Aberto,Comercial,Tarde
Express Sul,Felipe Oliveira,2024-02-23,09:03,Financeiro,09:22,Finalizado,Administrativo,Manhã
Loja Leste,Amanda Costa,2024-02-09,21:21,Financeiro,21:45,Finalizado,Administrativo,Noite
Loja Leste,Ricardo Silva,2024-03-14,16:14,Reclamação,16:46,Em Aberto,SAC,Tarde
Express Oeste,Juliana Santos,2024-03-12,18:09,Vendas,18:43,Em Aberto,Comercial,Noite
Loja Norte,Carlos Souza,2024-05-18,15:53,Reclamação,16:38,Cancelado,SAC,Tarde
Loja Oeste,Carlos Souza,2024-02-25,20:53,Troca,21:35,Cancelado,Logística,Noite
Loja Oeste,Carlos Souza,2024-02-07,15:12,Suporte Técnico,16:04,Finalizado,TI,Tarde
Centro-Sul,Juliana Santos,2024-01-25,08:19,Troca,08:40,Em Aberto,Logística,Manhã
Express Oeste,Amanda Costa,2024-01-07,09:54,Reclamação,10:20,Em Aberto,SAC,Manhã
Loja Norte,Amanda Costa,2024-04-07,11:46,Reclamação,11:58,Em Aberto,SAC,Manhã
Nordeste,Felipe Oliveira,2024-05-09,16:44,Vendas,17:06,Em Aberto,Comercial,Tarde
Nordeste,Beatriz Lima,2024-01-11,13:50,Suporte Técnico,14:19,Finalizado,TI,Tarde
Loja Sul,Amanda Costa,2024-03-25,20:26,Vendas,20:59,Finalizado,Comercial,Noite
Centro-Oesto,Felipe Oliveira,2024-05-06,13:09,Financeiro,13:28,Finalizado,Administrativo,Tarde
Nordeste,Felipe Oliveira,2024-02-27,11:36,Troca,11:52,Finalizado,Logística,Manhã
Loja Norte,Felipe Oliveira,2024-04-25,11:53,Vendas,12:31,Cancelado,Comercial,Manhã
Loja Sul,Carlos Souza,2024-04-27,14:47,Troca,15:45,Finalizado,Logística,Tarde
Loja Oeste,Carlos Souza,2024-01-15,16:38,Troca,17:14,Em Aberto,Logística,Tarde
Centro-Oesto,Carlos Souza,2024-04-14,17:53,Reclamação,18:26,Cancelado,SAC,Tarde
Centro-Oesto,Ricardo Silva,2024-02-10,09:25,Financeiro,09:53,Cancelado,Administrativo,Manhã
Loja Leste,Beatriz Lima,2024-01-22,11:53,Troca,12:51,Finalizado,Logística,Manhã
Sul ao Norte,Carlos Souza,2024-04-22,09:32,Troca,10:30,Finalizado,Logística,Manhã
Noroeste,Juliana Santos,2024-04-27,08:47,Suporte Técnico,09:09,Finalizado,TI,Manhã
Loja Oeste,Carlos Souza,2024-05-08,19:50,Vendas,20:47,Finalizado,Comercial,Noite
Nordeste,Felipe Oliveira,2024-05-05,13:31,Troca,14:22,Em Aberto,Logística,Tarde
Sul ao Norte,Felipe Oliveira,2024-03-12,12:17,Reclamação,13:07,Em Aberto,SAC,Tarde
Noroeste,Carlos Souza,2024-01-12,21:23,Troca,21:59,Finalizado,Logística,Noite
Sul ao Norte,Ricardo Silva,2024-02-29,13:34,Financeiro,14:17,Cancelado,Administrativo,Tarde
Centro-Oesto,Ricardo Silva,2024-05-09,18:31,Vendas,18:59,Finalizado,Comercial,Noite
Centro-Oesto,Amanda Costa,2024-04-08,10:45,Financeiro,11:29,Em Aberto,Administrativo,Manhã
Centro-Sul,Beatriz Lima,2024-03-07,17:00,Suporte Técnico,17:51,Em Aberto,TI,Tarde
Centro-Sul,Carlos Souza,2024-04-03,10:47,Vendas,11:31,Cancelado,Comercial,Manhã
Loja Leste,Felipe Oliveira,2024-03-11,10:39,Troca,11:09,Cancelado,Logística,Manhã
Loja Norte,Amanda Costa,2024-03-05,09:18,Financeiro,10:00,Cancelado,Administrativo,Manhã
Sul ao Norte,Amanda Costa,2024-01-25,13:29,Vendas,14:19,Cancelado,Comercial,Tarde
Sul ao Norte,Carlos Souza,2024-02-27,19:17,Reclamação,19:31,Cancelado,SAC,Noite
Express Sul,Amanda Costa,2024-02-04,19:19,Vendas,19:41,Finalizado,Comercial,Noite
Loja Oeste,Felipe Oliveira,2024-05-02,12:16,Vendas,12:49,Em Aberto,Comercial,Tarde
Loja Matriz,Felipe Oliveira,2024-01-25,15:59,Financeiro,16:41,Cancelado,Administrativo,Tarde
Loja Matriz,Juliana Santos,2024-01-30,17:07,Reclamação,17:47,Cancelado,SAC,Tarde
Centro-Sul,Ricardo Silva,2024-01-01,11:17,Troca,11:45,Em Aberto,Logística,Manhã
Centro-Sul,Juliana Santos,2024-04-19,20:10,Suporte Técnico,20:26,Cancelado,TI,Noite
Loja Matriz,Carlos Souza,2024-05-03,13:34,Financeiro,14:03,Em Aberto,Administrativo,Tarde
Centro-Sul,Felipe Oliveira,2024-01-03,13:16,Reclamação,13:48,Em Aberto,SAC,Tarde
Loja Leste,Felipe Oliveira,2024-04-08,16:19,Financeiro,16:37,Em Aberto,Administrativo,Tarde
Centro-Oesto,Ricardo Silva,2024-04-15,15:43,Troca,16:27,Finalizado,Logística,Tarde
Loja Matriz,Felipe Oliveira,2024-03-14,10:25,Suporte Técnico,11:10,Em Aberto,TI,Manhã
Sul ao Norte,Felipe Oliveira,2024-03-29,12:37,Vendas,13:19,Em Aberto,Comercial,Tarde
Nordeste,Amanda Costa,2024-01-26,18:20,Suporte Técnico,19:17,Finalizado,TI,Noite
Noroeste,Felipe Oliveira,2024-02-13,08:13,Financeiro,08:51,Em Aberto,Administrativo,Manhã
Loja Matriz,Felipe Oliveira,2024-04-11,17:48,Vendas,18:04,Em Aberto,Comercial,Tarde
Loja Oeste,Juliana Santos,2024-05-27,12:05,Financeiro,12:24,Em Aberto,Administrativo,Tarde
Loja Leste,Juliana Santos,2024-04-26,12:18,Troca,13:02,Cancelado,Logística,Tarde
Loja Norte,Carlos Souza,2024-03-22,21:12,Financeiro,22:00,Em Aberto,Administrativo,Noite
Loja Norte,Juliana Santos,2024-01-30,19:49,Vendas,20:47,Finalizado,Comercial,Noite
Loja Oeste,Juliana Santos,2024-03-02,21:40,Troca,22:01,Finalizado,Logística,Noite
Noroeste,Ricardo Silva,2024-04-12,13:44,Suporte Técnico,14:14,Finalizado,TI,Tarde
Noroeste,Juliana Santos,2024-02-08,09:18,Suporte Técnico,10:15,Finalizado,TI,Manhã
Express Oeste,Amanda Costa,2024-01-08,10:20,Financeiro,11:11,Cancelado,Administrativo,Manhã
Express Sul,Amanda Costa,2024-01-05,19:56,Suporte Técnico,20:50,Finalizado,TI,Noite
Noroeste,Felipe Oliveira,2024-03-28,18:29,Troca,19:15,Em Aberto,Logística,Noite
Sul ao Norte,Beatriz Lima,2024-04-23,13:10,Vendas,14:04,Cancelado,Comercial,Tarde
Loja Sul,Beatriz Lima,2024-02-01,19:22,Troca,19:40,Finalizado,Logística,Noite
Centro-Oesto,Amanda Costa,2024-05-07,18:51,Troca,19:05,Em Aberto,Logística,Noite
Express Oeste,Felipe Oliveira,2024-02-04,12:11,Financeiro,12:44,Em Aberto,Administrativo,Tarde
Centro-Oesto,Felipe Oliveira,2024-02-06,18:29,Troca,19:00,Em Aberto,Logística,Noite
Centro-Oesto,Beatriz Lima,2024-04-04,16:21,Reclamação,16:39,Cancelado,SAC,Tarde
Loja Leste,Beatriz Lima,2024-05-06,10:21,Suporte Técnico,10:37,Em Aberto,TI,Manhã
Noroeste,Amanda Costa,2024-01-12,20:19,Financeiro,20:43,Cancelado,Administrativo,Noite
Centro-Sul,Carlos Souza,2024-05-16,13:36,Troca,14:32,Finalizado,Logística,Tarde
Loja Leste,Beatriz Lima,2024-05-10,12:03,Troca,12:17,Cancelado,Logística,Tarde
Centro-Sul,Carlos Souza,2024-05-18,20:22,Troca,21:21,Cancelado,Logística,Noite
Nordeste,Carlos Souza,2024-02-16,19:11,Suporte Técnico,20:07,Finalizado,TI,Noite
Loja Sul,Beatriz Lima,2024-04-30,21:32,Financeiro,22:23,Em Aberto,Administrativo,Noite
Loja Norte,Beatriz Lima,2024-05-06,15:10,Suporte Técnico,15:57,Em Aberto,TI,Tarde
Centro-Oesto,Beatriz Lima,2024-02-14,09:19,Financeiro,09:45,Cancelado,Administrativo,Manhã
Loja Norte,Juliana Santos,2024-03-24,11:28,Troca,12:17,Cancelado,Logística,Manhã
Sul ao Norte,Amanda Costa,2024-04-04,12:54,Vendas,13:25,Finalizado,Comercial,Tarde
Loja Sul,Amanda Costa,2024-03-22,08:28,Financeiro,09:06,Cancelado,Administrativo,Manhã
Loja Leste,Beatriz Lima,2024-02-25,10:16,Troca,10:49,Finalizado,Logística,Manhã
Loja Sul,Felipe Oliveira,2024-02-14,18:39,Financeiro,18:53,Em Aberto,Administrativo,Noite
Loja Leste,Ricardo Silva,2024-02-26,17:00,Troca,17:45,Finalizado,Logística,Tarde
Loja Leste,Beatriz Lima,2024-05-30,13:31,Suporte Técnico,13:41,Finalizado,TI,Tarde
Centro-Sul,Amanda Costa,2024-02-29,19:15,Suporte Técnico,19:51,Cancelado,TI,Noite
Sul ao Norte,Beatriz Lima,2024-03-06,20:23,Reclamação,20:57,Cancelado,SAC,Noite
Centro-Sul,Beatriz Lima,2024-02-21,13:51,Reclamação,14:20,Em Aberto,SAC,Tarde
Loja Norte,Juliana Santos,2024-01-10,13:40,Reclamação,14:32,Finalizado,SAC,Tarde
Centro-Sul,Ricardo Silva,2024-05-24,14:06,Troca,14:26,Finalizado,Logística,Tarde
Noroeste,Juliana Santos,2024-03-13,18:11,Financeiro,18:24,Cancelado,Administrativo,Noite
Loja Sul,Amanda Costa,2024-04-30,16:25,Suporte Técnico,17:23,Cancelado,TI,Tarde
Nordeste,Carlos Souza,2024-05-04,16:49,Reclamação,17:47,Cancelado,SAC,Tarde
Loja Norte,Felipe Oliveira,2024-03-11,15:27,Vendas,16:26,Cancelado,Comercial,Tarde
Loja Norte,Beatriz Lima,2024-05-07,09:59,Financeiro,10:33,Finalizado,Administrativo,Manhã
Loja Matriz,Amanda Costa,2024-02-04,17:43,Financeiro,18:04,Finalizado,Administrativo,Tarde
Loja Matriz,Amanda Costa,2024-01-22,21:57,Suporte Técnico,22:30,Finalizado,TI,Noite
Sul ao Norte,Amanda Costa,2024-02-29,17:52,Suporte Técnico,18:46,Em Aberto,TI,Tarde
Centro-Oesto,Beatriz Lima,2024-04-14,20:33,Vendas,21:22,Cancelado,Comercial,Noite
Noroeste,Amanda Costa,2024-01-25,12:45,Reclamação,13:45,Finalizado,SAC,Tarde
Centro-Oesto,Felipe Oliveira,2024-03-30,13:03,Troca,13:42,Em Aberto,Logística,Tarde
Centro-Sul,Juliana Santos,2024-05-19,17:28,Vendas,18:04,Cancelado,Comercial,Tarde
Loja Norte,Carlos Souza,2024-04-23,19:02,Vendas,19:21,Cancelado,Comercial,Noite
Loja Norte,Ricardo Silva,2024-03-10,09:51,Troca,10:46,Em Aberto,Logística,Manhã
Sul ao Norte,Juliana Santos,2024-04-26,16:53,Vendas,17:19,Em Aberto,Comercial,Tarde
Centro-Sul,Beatriz Lima,2024-03-19,20:28,Vendas,21:21,Finalizado,Comercial,Noite
Express Sul,Felipe Oliveira,2024-01-07,14:49,Suporte Técnico,15:07,Em Aberto,TI,Tarde
Express Oeste,Beatriz Lima,2024-01-19,09:32,Financeiro,10:13,Cancelado,Administrativo,Manhã
Loja Matriz,Beatriz Lima,2024-01-01,20:52,Financeiro,21:35,Finalizado,Administrativo,Noite
Noroeste,Beatriz Lima,2024-01-14,21:21,Suporte Técnico,21:59,Finalizado,TI,Noite
Loja Oeste,Felipe Oliveira,2024-01-28,09:33,Reclamação,10:04,Finalizado,SAC,Manhã
Centro-Sul,Juliana Santos,2024-04-27,16:56,Suporte Técnico,17:31,Cancelado,TI,Tarde
Loja Norte,Juliana Santos,2024-01-19,17:31,Troca,18:14,Cancelado,Logística,Tarde
Loja Norte,Ricardo Silva,2024-02-14,11:14,Suporte Técnico,12:09,Finalizado,TI,Manhã
Sul ao Norte,Beatriz Lima,2024-05-11,17:22,Financeiro,17:59,Em Aberto,Administrativo,Tarde
Loja Oeste,Ricardo Silva,2024-01-18,18:52,Suporte Técnico,19:27,Cancelado,TI,Noite
Loja Matriz,Beatriz Lima,2024-03-06,19:44,Vendas,20:28,Em Aberto,Comercial,Noite
Express Sul,Amanda Costa,2024-05-17,14:59,Financeiro,15:11,Cancelado,Administrativo,Tarde
Noroeste,Felipe Oliveira,2024-02-03,11:17,Financeiro,11:47,Em Aberto,Administrativo,Manhã
Noroeste,Ricardo Silva,2024-05-20,08:14,Financeiro,09:02,Em Aberto,Administrativo,Manhã
Sul ao Norte,Beatriz Lima,2024-04-08,20:57,Financeiro,21:27,Finalizado,Administrativo,Noite
Loja Oeste,Amanda Costa,2024-01-31,21:46,Suporte Técnico,22:26,Finalizado,TI,Noite
Centro-Sul,Amanda Costa,2024-01-19,10:24,Vendas,11:19,Finalizado,Comercial,Manhã
Nordeste,Beatriz Lima,2024-01-23,20:46,Reclamação,21:04,Finalizado,SAC,Noite
Express Oeste,Amanda Costa,2024-01-14,19:39,Vendas,20:23,Cancelado,Comercial,Noite
Sul ao Norte,Carlos Souza,2024-01-20,11:04,Vendas,11:15,Em Aberto,Comercial,Manhã
Loja Oeste,Beatriz Lima,2024-01-15,18:07,Reclamação,19:04,Em Aberto,SAC,Noite
Loja Norte,Carlos Souza,2024-01-30,11:59,Reclamação,12:25,Em Aberto,SAC,Manhã
Loja Leste,Beatriz Lima,2024-03-02,13:17,Suporte Técnico,13:39,Cancelado,TI,Tarde
Express Oeste,Beatriz Lima,2024-03-27,14:23,Vendas,14:55,Cancelado,Comercial,Tarde
Loja Sul,Beatriz Lima,2024-05-01,14:23,Financeiro,15:14,Em Aberto,Administrativo,Tarde
Sul ao Norte,Felipe Oliveira,2024-04-11,18:56,Troca,19:34,Finalizado,Logística,Noite
Nordeste,Felipe Oliveira,2024-03-04,15:06,Reclamação,15:48,Em Aberto,SAC,Tarde
Centro-Oesto,Amanda Costa,2024-01-07,10:05,Reclamação,10:26,Finalizado,SAC,Manhã
Centro-Sul,Felipe Oliveira,2024-03-09,11:27,Suporte Técnico,11:37,Em Aberto,TI,Manhã
Sul ao Norte,Amanda Costa,2024-04-26,14:36,Financeiro,14:57,Em Aberto,Administrativo,Tarde
Sul ao Norte,Beatriz Lima,2024-02-26,20:51,Troca,21:05,Em Aberto,Logística,Noite
Loja Leste,Beatriz Lima,2024-05-20,20:27,Financeiro,21:14,Finalizado,Administrativo,Noite
Centro-Sul,Beatriz Lima,2024-04-17,12:43,Suporte Técnico,13:41,Finalizado,TI,Tarde
Noroeste,Amanda Costa,2024-03-12,15:48,Vendas,16:24,Em Aberto,Comercial,Tarde
Centro-Sul,Felipe Oliveira,2024-04-20,10:15,Troca,10:31,Em Aberto,Logística,Manhã
Nordeste,Beatriz Lima,2024-03-30,16:56,Financeiro,17:47,Em Aberto,Administrativo,Tarde
Loja Oeste,Carlos Souza,2024-05-25,11:59,Vendas,12:56,Finalizado,Comercial,Manhã
Loja Oeste,Beatriz Lima,2024-03-07,12:30,Financeiro,13:21,Finalizado,Administrativo,Tarde
Nordeste,Felipe Oliveira,2024-05-03,09:46,Reclamação,10:03,Em Aberto,SAC,Manhã
Express Sul,Amanda Costa,2024-01-19,11:43,Troca,12:15,Cancelado,Logística,Manhã
Express Oeste,Juliana Santos,2024-01-30,12:14,Troca,12:34,Cancelado,Logística,Tarde
Loja Leste,Amanda Costa,2024-05-02,19:23,Financeiro,19:44,Cancelado,Administrativo,Noite
Loja Matriz,Amanda Costa,2024-01-01,11:14,Reclamação,12:11,Em Aberto,SAC,Manhã
Loja Oeste,Juliana Santos,2024-02-21,18:39,Suporte Técnico,19:09,Finalizado,TI,Noite
Loja Oeste,Juliana Santos,2024-03-03,15:34,Financeiro,15:44,Finalizado,Administrativo,Tarde
Loja Leste,Amanda Costa,2024-03-25,13:08,Financeiro,13:54,Em Aberto,Administrativo,Tarde
Loja Leste,Beatriz Lima,2024-02-04,20:01,Suporte Técnico,20:29,Cancelado,TI,Noite
Sul ao Norte,Juliana Santos,2024-02-24,19:58,Vendas,20:21,Cancelado,Comercial,Noite
Express Sul,Juliana Santos,2024-01-04,16:54,Suporte Técnico,17:40,Cancelado,TI,Tarde
Express Oeste,Ricardo Silva,2024-02-12,10:01,Suporte Técnico,10:51,Cancelado,TI,Manhã
Centro-Sul,Felipe Oliveira,2024-03-15,16:46,Financeiro,17:37,Cancelado,Administrativo,Tarde
Express Oeste,Carlos Souza,2024-05-20,11:06,Suporte Técnico,11:18,Em Aberto,TI,Manhã
Express Oeste,Juliana Santos,2024-01-15,17:51,Troca,18:39,Em Aberto,Logística,Tarde
Sul ao Norte,Juliana Santos,2024-05-22,21:46,Vendas,22:03,Em Aberto,Comercial,Noite
Sul ao Norte,Juliana Santos,2024-05-15,11:38,Financeiro,11:53,Cancelado,Administrativo,Manhã
Centro-Sul,Juliana Santos,2024-03-11,11:35,Financeiro,11:49,Em Aberto,Administrativo,Manhã
Nordeste,Amanda Costa,2024-02-28,14:16,Reclamação,14:55,Em Aberto,SAC,Tarde
Loja Sul,Beatriz Lima,2024-03-30,10:48,Financeiro,11:36,Cancelado,Administrativo,Manhã
Sul ao Norte,Beatriz Lima,2024-03-12,19:57,Vendas,20:51,Finalizado,Comercial,Noite
Centro-Sul,Ricardo Silva,2024-02-05,19:26,Reclamação,20:10,Em Aberto,SAC,Noite
Loja Leste,Felipe Oliveira,2024-01-26,08:53,Financeiro,09:08,Finalizado,Administrativo,Manhã
Centro-Sul,Juliana Santos,2024-05-28,11:51,Troca,12:14,Cancelado,Logística,Manhã
Noroeste,Felipe Oliveira,2024-04-04,17:20,Suporte Técnico,17:49,Em Aberto,TI,Tarde
Centro-Sul,Beatriz Lima,2024-04-23,13:00,Troca,13:11,Finalizado,Logística,Tarde
Centro-Sul,Felipe Oliveira,2024-04-10,13:19,Suporte Técnico,13:37,Cancelado,TI,Tarde
Loja Norte,Juliana Santos,2024-01-30,21:54,Financeiro,22:25,Cancelado,Administrativo,Noite
Centro-Sul,Carlos Souza,2024-05-24,19:34,Reclamação,20:06,Finalizado,SAC,Noite
Centro-Sul,Carlos Souza,2024-05-20,21:22,Suporte Técnico,22:07,Em Aberto,TI,Noite
Centro-Sul,Beatriz Lima,2024-04-25,12:28,Financeiro,13:10,Cancelado,Administrativo,Tarde
Express Oeste,Ricardo Silva,2024-05-12,16:59,Reclamação,17:51,Cancelado,SAC,Tarde
Express Sul,Ricardo Silva,2024-05-21,18:24,Vendas,18:52,Em Aberto,Comercial,Noite
Loja Norte,Ricardo Silva,2024-05-24,10:09,Financeiro,10:33,Em Aberto,Administrativo,Manhã
Sul ao Norte,Carlos Souza,2024-03-29,14:21,Troca,15:15,Cancelado,Logística,Tarde
Nordeste,Amanda Costa,2024-03-18,10:36,Vendas,11:36,Finalizado,Comercial,Manhã
Loja Oeste,Felipe Oliveira,2024-04-09,19:32,Reclamação,19:43,Em Aberto,SAC,Noite
Noroeste,Felipe Oliveira,2024-03-28,08:09,Suporte Técnico,09:06,Em Aberto,TI,Manhã
Noroeste,Beatriz Lima,2024-03-15,19:28,Suporte Técnico,20:03,Finalizado,TI,Noite
Loja Norte,Felipe Oliveira,2024-05-05,18:17,Financeiro,18:50,Finalizado,Administrativo,Noite
Loja Norte,Felipe Oliveira,2024-04-29,20:33,Vendas,20:50,Em Aberto,Comercial,Noite
Express Oeste,Amanda Costa,2024-03-25,16:30,Vendas,17:20,Cancelado,Comercial,Tarde
Nordeste,Carlos Souza,2024-01-17,08:18,Vendas,09:07,Finalizado,Comercial,Manhã
Loja Matriz,Ricardo Silva,2024-01-05,16:27,Financeiro,16:41,Em Aberto,Administrativo,Tarde
Loja Matriz,Juliana Santos,2024-01-07,15:15,Reclamação,15:40,Em Aberto,SAC,Tarde
Loja Norte,Beatriz Lima,2024-02-02,13:30,Suporte Técnico,13:42,Finalizado,TI,Tarde
Loja Matriz,Felipe Oliveira,2024-03-22,13:06,Reclamação,13:43,Cancelado,SAC,Tarde
Loja Oeste,Ricardo Silva,2024-03-09,15:43,Reclamação,16:12,Cancelado,SAC,Tarde
Loja Matriz,Amanda Costa,2024-03-04,10:13,Troca,10:40,Em Aberto,Logística,Manhã
Loja Norte,Amanda Costa,2024-01-19,13:29,Troca,13:47,Finalizado,Logística,Tarde
Nordeste,Amanda Costa,2024-03-29,09:14,Suporte Técnico,09:57,Em Aberto,TI,Manhã
Express Sul,Carlos Souza,2024-04-06,12:27,Vendas,13:12,Em Aberto,Comercial,Tarde
Express Sul,Beatriz Lima,2024-04-20,17:21,Troca,17:37,Em Aberto,Logística,Tarde
Loja Sul,Felipe Oliveira,2024-05-13,10:20,Financeiro,10:54,Finalizado,Administrativo,Manhã
Express Oeste,Beatriz Lima,2024-01-29,10:11,Troca,10:43,Em Aberto,Logística,Manhã
Sul ao Norte,Carlos Souza,2024-03-16,09:12,Vendas,10:10,Em Aberto,Comercial,Manhã
Sul ao Norte,Beatriz Lima,2024-04-21,10:03,Reclamação,10:30,Cancelado,SAC,Manhã
Loja Oeste,Carlos Souza,2024-03-07,12:47,Suporte Técnico,13:06,Cancelado,TI,Tarde
Loja Matriz,Felipe Oliveira,2024-04-07,10:40,Reclamação,11:33,Em Aberto,SAC,Manhã
Loja Oeste,Felipe Oliveira,2024-02-23,21:53,Vendas,22:41,Finalizado,Comercial,Noite
Centro-Sul,Carlos Souza,2024-02-15,14:52,Vendas,15:22,Em Aberto,Comercial,Tarde
Loja Matriz,Juliana Santos,2024-04-12,10:22,Vendas,11:04,Em Aberto,Comercial,Manhã
Loja Norte,Beatriz Lima,2024-02-23,12:04,Financeiro,12:39,Cancelado,Administrativo,Tarde
Nordeste,Felipe Oliveira,2024-02-10,10:26,Troca,11:24,Cancelado,Logística,Manhã
Express Oeste,Juliana Santos,2024-05-17,19:03,Reclamação,19:55,Finalizado,SAC,Noite
Loja Sul,Felipe Oliveira,2024-04-27,15:27,Reclamação,16:11,Em Aberto,SAC,Tarde
Loja Norte,Felipe Oliveira,2024-01-07,15:36,Suporte Técnico,15:51,Em Aberto,TI,Tarde
Centro-Oesto,Carlos Souza,2024-03-11,18:06,Troca,18:34,Finalizado,Logística,Noite
Nordeste,Ricardo Silva,2024-05-11,17:13,Vendas,17:45,Em Aberto,Comercial,Tarde
Centro-Oesto,Amanda Costa,2024-04-06,15:33,Suporte Técnico,16:05,Em Aberto,TI,Tarde
Express Oeste,Carlos Souza,2024-02-08,21:58,Suporte Técnico,22:44,Cancelado,TI,Noite
Centro-Oesto,Carlos Souza,2024-02-11,14:26,Troca,15:02,Em Aberto,Logística,Tarde
Express Oeste,Felipe Oliveira,2024-04-30,17:46,Troca,17:58,Finalizado,Logística,Tarde
Centro-Sul,Amanda Costa,2024-01-18,14:46,Vendas,15:28,Finalizado,Comercial,Tarde
Loja Norte,Beatriz Lima,2024-03-20,08:09,Reclamação,08:20,Finalizado,SAC,Manhã
Loja Sul,Juliana Santos,2024-02-06,11:49,Financeiro,12:23,Em Aberto,Administrativo,Manhã
Loja Leste,Carlos Souza,2024-03-31,18:23,Troca,19:04,Em Aberto,Logística,Noite
Loja Leste,Carlos Souza,2024-01-23,12:48,Troca,13:36,Em Aberto,Logística,Tarde
Express Sul,Amanda Costa,2024-02-28,10:55,Suporte Técnico,11:13,Cancelado,TI,Manhã
Nordeste,Beatriz Lima,2024-04-30,20:48,Reclamação,21:18,Em Aberto,SAC,Noite
Centro-Sul,Carlos Souza,2024-01-15,13:37,Vendas,14:14,Cancelado,Comercial,Tarde
Sul ao Norte,Juliana Santos,2024-04-21,14:14,Suporte Técnico,14:38,Em Aberto,TI,Tarde
Loja Oeste,Amanda Costa,2024-04-22,12:08,Financeiro,12:44,Cancelado,Administrativo,Tarde
Centro-Sul,Juliana Santos,2024-02-12,19:33,Financeiro,20:30,Em Aberto,Administrativo,Noite
Centro-Sul,Carlos Souza,2024-04-27,09:32,Reclamação,10:31,Finalizado,SAC,Manhã
Express Oeste,Juliana Santos,2024-03-03,13:28,Vendas,13:51,Em Aberto,Comercial,Tarde
Loja Matriz,Beatriz Lima,2024-02-13,09:28,Financeiro,10:24,Cancelado,Administrativo,Manhã
Centro-Sul,Juliana Santos,2024-03-15,20:12,Suporte Técnico,20:41,Em Aberto,TI,Noite
Noroeste,Amanda Costa,2024-03-15,18:37,Troca,18:47,Cancelado,Logística,Noite
Noroeste,Ricardo Silva,2024-03-16,14:52,Financeiro,15:48,Em Aberto,Administrativo,Tarde
Noroeste,Felipe Oliveira,2024-01-12,12:37,Troca,12:49,Cancelado,Logística,Tarde
Noroeste,Felipe Oliveira,2024-05-10,19:54,Reclamação,20:20,Cancelado,SAC,Noite
Noroeste,Felipe Oliveira,2024-01-29,08:11,Financeiro,08:23,Cancelado,Administrativo,Manhã
Loja Sul,Beatriz Lima,2024-03-29,21:44,Financeiro,22:05,Em Aberto,Administrativo,Noite
Express Sul,Juliana Santos,2024-04-16,08:04,Financeiro,08:26,Finalizado,Administrativo,Manhã
Noroeste,Carlos Souza,2024-01-20,21:48,Financeiro,22:31,Cancelado,Administrativo,Noite
Loja Leste,Juliana Santos,2024-03-18,15:55,Suporte Técnico,16:12,Finalizado,TI,Tarde
Noroeste,Felipe Oliveira,2024-05-23,19:17,Financeiro,20:06,Cancelado,Administrativo,Noite
Loja Leste,Ricardo Silva,2024-03-02,10:46,Troca,11:19,Em Aberto,Logística,Manhã
Loja Leste,Felipe Oliveira,2024-04-30,13:57,Financeiro,14:13,Cancelado,Administrativo,Tarde
Loja Oeste,Ricardo Silva,2024-03-20,12:51,Suporte Técnico,13:33,Finalizado,TI,Tarde
Loja Sul,Juliana Santos,2024-03-10,08:49,Suporte Técnico,09:41,Finalizado,TI,Manhã
Sul ao Norte,Felipe Oliveira,2024-04-24,19:11,Vendas,19:52,Cancelado,Comercial,Noite
Loja Leste,Amanda Costa,2024-03-10,19:34,Troca,20:19,Em Aberto,Logística,Noite
Loja Sul,Amanda Costa,2024-04-22,09:49,Reclamação,10:16,Cancelado,SAC,Manhã
Centro-Sul,Ricardo Silva,2024-05-12,12:52,Reclamação,13:26,Finalizado,SAC,Tarde
Nordeste,Beatriz Lima,2024-05-18,11:12,Reclamação,11:59,Cancelado,SAC,Manhã
Nordeste,Amanda Costa,2024-02-13,20:55,Troca,21:39,Cancelado,Logística,Noite
Loja Leste,Juliana Santos,2024-02-29,10:50,Vendas,11:30,Finalizado,Comercial,Manhã
Loja Oeste,Beatriz Lima,2024-02-08,10:04,Financeiro,11:03,Em Aberto,Administrativo,Manhã
Sul ao Norte,Felipe Oliveira,2024-05-04,18:18,Financeiro,18:51,Cancelado,Administrativo,Noite
Loja Sul,Felipe Oliveira,2024-01-22,17:43,Vendas,18:03,Em Aberto,Comercial,Tarde
Express Sul,Juliana Santos,2024-04-29,19:23,Suporte Técnico,19:38,Cancelado,TI,Noite
Loja Leste,Beatriz Lima,2024-02-21,20:10,Financeiro,20:36,Cancelado,Administrativo,Noite
Loja Matriz,Beatriz Lima,2024-04-07,16:37,Suporte Técnico,17:16,Cancelado,TI,Tarde
Loja Norte,Beatriz Lima,2024-02-07,17:09,Reclamação,17:56,Finalizado,SAC,Tarde
Express Oeste,Juliana Santos,2024-05-15,12:54,Reclamação,13:40,Cancelado,SAC,Tarde
Loja Leste,Felipe Oliveira,2024-01-18,12:50,Financeiro,13:28,Finalizado,Administrativo,Tarde
Noroeste,Juliana Santos,2024-03-02,09:27,Suporte Técnico,10:09,Finalizado,TI,Manhã
Loja Leste,Carlos Souza,2024-04-06,15:37,Reclamação,16:02,Em Aberto,SAC,Tarde
Loja Norte,Beatriz Lima,2024-01-02,14:52,Suporte Técnico,15:35,Em Aberto,TI,Tarde
Loja Oeste,Beatriz Lima,2024-04-15,14:44,Troca,15:35,Cancelado,Logística,Tarde
Loja Leste,Ricardo Silva,2024-05-27,12:34,Troca,13:24,Finalizado,Logística,Tarde
Loja Oeste,Carlos Souza,2024-02-07,09:20,Troca,10:02,Em Aberto,Logística,Manhã
Loja Sul,Felipe Oliveira,2024-01-15,16:09,Financeiro,17:07,Cancelado,Administrativo,Tarde
Centro-Oesto,Felipe Oliveira,2024-04-28,11:46,Financeiro,12:10,Em Aberto,Administrativo,Manhã
Centro-Sul,Ricardo Silva,2024-02-24,10:04,Financeiro,11:03,Em Aberto,Administrativo,Manhã
Noroeste,Ricardo Silva,2024-02-21,14:05,Financeiro,14:28,Finalizado,Administrativo,Tarde
Nordeste,Felipe Oliveira,2024-02-08,21:25,Vendas,21:57,Finalizado,Comercial,Noite
Express Sul,Beatriz Lima,2024-01-10,14:15,Suporte Técnico,14:53,Cancelado,TI,Tarde
Sul ao Norte,Beatriz Lima,2024-05-28,15:40,Reclamação,15:55,Em Aberto,SAC,Tarde
Express Sul,Amanda Costa,2024-04-22,17:43,Financeiro,18:00,Finalizado,Administrativo,Tarde
Loja Leste,Felipe Oliveira,2024-04-14,13:49,Reclamação,14:40,Cancelado,SAC,Tarde
Loja Oeste,Carlos Souza,2024-02-13,14:55,Reclamação,15:48,Cancelado,SAC,Tarde
Loja Oeste,Carlos Souza,2024-03-23,19:11,Suporte Técnico,19:26,Finalizado,TI,Noite
Loja Norte,Felipe Oliveira,2024-02-19,17:00,Reclamação,17:58,Finalizado,SAC,Tarde
Loja Leste,Ricardo Silva,2024-04-26,21:07,Financeiro,22:00,Finalizado,Administrativo,Noite
Express Sul,Ricardo Silva,2024-05-30,14:39,Vendas,15:28,Cancelado,Comercial,Tarde
Loja Oeste,Juliana Santos,2024-03-02,14:02,Troca,15:02,Em Aberto,Logística,Tarde
Express Oeste,Beatriz Lima,2024-02-13,20:23,Financeiro,20:38,Em Aberto,Administrativo,Noite
Loja Matriz,Carlos Souza,2024-03-14,09:54,Vendas,10:43,Finalizado,Comercial,Manhã
Loja Oeste,Beatriz Lima,2024-02-26,17:37,Reclamação,18:18,Finalizado,SAC,Tarde
Loja Leste,Felipe Oliveira,2024-05-22,12:31,Reclamação,12:51,Em Aberto,SAC,Tarde
Loja Norte,Beatriz Lima,2024-04-04,10:56,Reclamação,11:21,Cancelado,SAC,Manhã
Noroeste,Amanda Costa,2024-05-03,13:57,Financeiro,14:45,Finalizado,Administrativo,Tarde
Nordeste,Ricardo Silva,2024-03-18,18:00,Financeiro,18:39,Em Aberto,Administrativo,Noite
Nordeste,Juliana Santos,2024-01-30,15:45,Suporte Técnico,16:02,Cancelado,TI,Tarde
Loja Sul,Felipe Oliveira,2024-02-10,09:55,Vendas,10:28,Em Aberto,Comercial,Manhã
Centro-Sul,Ricardo Silva,2024-01-01,19:14,Financeiro,19:53,Finalizado,Administrativo,Noite
Loja Sul,Ricardo Silva,2024-04-15,15:20,Suporte Técnico,16:11,Finalizado,TI,Tarde
Centro-Sul,Carlos Souza,2024-04-04,15:36,Suporte Técnico,16:01,Finalizado,TI,Tarde
Sul ao Norte,Beatriz Lima,2024-04-07,10:05,Troca,10:20,Finalizado,Logística,Manhã
Loja Oeste,Ricardo Silva,2024-05-09,08:15,Troca,08:26,Finalizado,Logística,Manhã
Express Oeste,Amanda Costa,2024-01-18,10:38,Reclamação,11:37,Cancelado,SAC,Manhã
Centro-Sul,Felipe Oliveira,2024-03-08,18:38,Vendas,18:55,Em Aberto,Comercial,Noite
Sul ao Norte,Amanda Costa,2024-04-29,13:46,Troca,14:32,Cancelado,Logística,Tarde
Noroeste,Felipe Oliveira,2024-04-23,13:06,Troca,13:59,Em Aberto,Logística,Tarde
Noroeste,Felipe Oliveira,2024-03-10,09:28,Vendas,10:10,Em Aberto,Comercial,Manhã
Loja Norte,Amanda Costa,2024-05-06,17:08,Troca,17:31,Cancelado,Logística,Tarde
Loja Oeste,Carlos Souza,2024-02-09,12:29,Financeiro,13:29,Em Aberto,Administrativo,Tarde
Loja Matriz,Ricardo Silva,2024-03-29,09:21,Suporte Técnico,09:43,Finalizado,TI,Manhã
Sul ao Norte,Juliana Santos,2024-04-08,18:07,Troca,19:07,Em Aberto,Logística,Noite
Loja Matriz,Ricardo Silva,2024-04-05,19:30,Financeiro,20:02,Cancelado,Administrativo,Noite
Loja Matriz,Ricardo Silva,2024-02-28,12:36,Suporte Técnico,13:18,Em Aberto,TI,Tarde
Loja Sul,Ricardo Silva,2024-01-09,18:06,Vendas,18:35,Em Aberto,Comercial,Noite
Loja Leste,Ricardo Silva,2024-04-05,09:26,Suporte Técnico,10:06,Finalizado,TI,Manhã
Loja Norte,Carlos Souza,2024-01-06,21:50,Suporte Técnico,22:33,Cancelado,TI,Noite
Express Sul,Carlos Souza,2024-03-22,20:23,Vendas,21:08,Cancelado,Comercial,Noite
Sul ao Norte,Ricardo Silva,2024-04-22,11:54,Vendas,12:08,Finalizado,Comercial,Manhã
Loja Oeste,Ricardo Silva,2024-03-06,17:53,Vendas,18:36,Cancelado,Comercial,Tarde
Centro-Oesto,Carlos Souza,2024-02-23,18:01,Troca,18:26,Cancelado,Logística,Noite
Loja Leste,Ricardo Silva,2024-04-21,18:14,Suporte Técnico,19:02,Finalizado,TI,Noite
Centro-Sul,Ricardo Silva,2024-01-14,08:58,Reclamação,09:45,Em Aberto,SAC,Manhã
Nordeste,Felipe Oliveira,2024-01-13,19:56,Vendas,20:41,Em Aberto,Comercial,Noite
Loja Matriz,Ricardo Silva,2024-02-10,13:46,Suporte Técnico,14:33,Cancelado,TI,Tarde
Loja Norte,Amanda Costa,2024-01-22,15:30,Financeiro,16:03,Cancelado,Administrativo,Tarde
Sul ao Norte,Felipe Oliveira,2024-02-22,14:52,Reclamação,15:03,Em Aberto,SAC,Tarde
Noroeste,Ricardo Silva,2024-02-02,15:00,Reclamação,15:55,Em Aberto,SAC,Tarde
Noroeste,Beatriz Lima,2024-05-04,12:59,Financeiro,13:33,Finalizado,Administrativo,Tarde
Loja Matriz,Carlos Souza,2024-01-13,10:18,Suporte Técnico,10:59,Cancelado,TI,Manhã
Nordeste,Beatriz Lima,2024-05-14,14:43,Reclamação,15:28,Cancelado,SAC,Tarde
Loja Matriz,Amanda Costa,2024-05-14,14:48,Financeiro,15:00,Finalizado,Administrativo,Tarde
Loja Matriz,Ricardo Silva,2024-05-26,16:14,Suporte Técnico,17:01,Finalizado,TI,Tarde
Loja Leste,Ricardo Silva,2024-01-22,11:00,Troca,11:34,Em Aberto,Logística,Manhã
Sul ao Norte,Felipe Oliveira,2024-02-20,11:29,Reclamação,12:09,Em Aberto,SAC,Manhã
Express Oeste,Juliana Santos,2024-04-24,15:29,Suporte Técnico,16:11,Em Aberto,TI,Tarde
Express Oeste,Juliana Santos,2024-04-28,12:13,Troca,13:06,Cancelado,Logística,Tarde
Express Sul,Juliana Santos,2024-01-01,11:37,Suporte Técnico,11:48,Em Aberto,TI,Manhã
Loja Oeste,Ricardo Silva,2024-05-29,15:42,Reclamação,16:41,Finalizado,SAC,Tarde
Noroeste,Felipe Oliveira,2024-04-13,19:52,Troca,20:42,Em Aberto,Logística,Noite
Loja Matriz,Ricardo Silva,2024-04-21,10:10,Vendas,10:41,Cancelado,Comercial,Manhã
Sul ao Norte,Ricardo Silva,2024-05-05,16:48,Troca,17:16,Cancelado,Logística,Tarde
Express Sul,Juliana Santos,2024-05-05,10:34,Reclamação,11:09,Cancelado,SAC,Manhã
Loja Leste,Beatriz Lima,2024-05-19,15:33,Vendas,16:24,Cancelado,Comercial,Tarde
Sul ao Norte,Ricardo Silva,2024-04-23,21:00,Vendas,21:26,Em Aberto,Comercial,Noite
Sul ao Norte,Beatriz Lima,2024-03-15,18:30,Reclamação,19:22,Cancelado,SAC,Noite
Express Sul,Juliana Santos,2024-05-17,13:33,Reclamação,14:26,Finalizado,SAC,Tarde
Centro-Oesto,Beatriz Lima,2024-01-23,20:22,Vendas,20:34,Finalizado,Comercial,Noite
Nordeste,Juliana Santos,2024-03-03,15:44,Reclamação,16:20,Finalizado,SAC,Tarde
Loja Oeste,Carlos Souza,2024-03-26,13:34,Vendas,14:30,Em Aberto,Comercial,Tarde
Centro-Oesto,Felipe Oliveira,2024-01-27,20:13,Troca,21:08,Em Aberto,Logística,Noite
Loja Sul,Amanda Costa,2024-03-25,17:35,Troca,18:26,Finalizado,Logística,Tarde
Centro-Oesto,Amanda Costa,2024-01-07,17:41,Reclamação,18:13,Cancelado,SAC,Tarde
Nordeste,Juliana Santos,2024-01-12,20:37,Financeiro,21:24,Cancelado,Administrativo,Noite
Loja Leste,Ricardo Silva,2024-02-08,09:24,Troca,10:09,Em Aberto,Logística,Manhã
Express Sul,Beatriz Lima,2024-02-07,11:37,Suporte Técnico,11:50,Cancelado,TI,Manhã
Loja Matriz,Carlos Souza,2024-05-07,14:41,Troca,15:40,Em Aberto,Logística,Tarde
Noroeste,Carlos Souza,2024-04-28,11:24,Suporte Técnico,11:55,Em Aberto,TI,Manhã
Sul ao Norte,Carlos Souza,2024-05-30,15:52,Troca,16:19,Em Aberto,Logística,Tarde
Loja Matriz,Beatriz Lima,2024-02-19,12:32,Suporte Técnico,12:47,Em Aberto,TI,Tarde
Centro-Sul,Juliana Santos,2024-03-24,19:35,Suporte Técnico,20:18,Em Aberto,TI,Noite
Loja Oeste,Beatriz Lima,2024-02-12,12:23,Reclamação,12:59,Em Aberto,SAC,Tarde
Loja Leste,Beatriz Lima,2024-01-02,11:16,Financeiro,11:40,Cancelado,Administrativo,Manhã
Centro-Sul,Amanda Costa,2024-03-07,19:42,Troca,19:58,Em Aberto,Logística,Noite
Loja Matriz,Ricardo Silva,2024-04-26,21:17,Suporte Técnico,21:50,Cancelado,TI,Noite
Sul ao Norte,Carlos Souza,2024-02-27,19:37,Financeiro,19:55,Em Aberto,Administrativo,Noite
Centro-Oesto,Carlos Souza,2024-03-27,13:14,Suporte Técnico,13:50,Em Aberto,TI,Tarde
Noroeste,Ricardo Silva,2024-01-23,11:16,Suporte Técnico,11:31,Em Aberto,TI,Manhã
Express Oeste,Beatriz Lima,2024-02-16,17:19,Troca,18:12,Cancelado,Logística,Tarde
Centro-Oesto,Beatriz Lima,2024-02-18,09:16,Vendas,10:11,Cancelado,Comercial,Manhã
Centro-Oesto,Amanda Costa,2024-01-03,16:09,Financeiro,16:50,Cancelado,Administrativo,Tarde
Loja Matriz,Carlos Souza,2024-05-11,20:24,Financeiro,21:24,Finalizado,Administrativo,Noite
Loja Sul,Ricardo Silva,2024-02-03,18:25,Vendas,19:12,Finalizado,Comercial,Noite
Express Oeste,Beatriz Lima,2024-01-30,21:20,Suporte Técnico,22:01,Em Aberto,TI,Noite
Loja Norte,Ricardo Silva,2024-05-06,12:35,Reclamação,13:19,Em Aberto,SAC,Tarde
Noroeste,Carlos Souza,2024-03-11,18:38,Vendas,19:08,Finalizado,Comercial,Noite
Noroeste,Ricardo Silva,2024-03-27,16:49,Reclamação,17:17,Cancelado,SAC,Tarde
Loja Matriz,Beatriz Lima,2024-05-20,20:22,Reclamação,21:07,Finalizado,SAC,Noite
Nordeste,Amanda Costa,2024-05-05,15:41,Reclamação,16:25,Em Aberto,SAC,Tarde
Centro-Sul,Carlos Souza,2024-04-07,20:18,Vendas,20:58,Cancelado,Comercial,Noite
Nordeste,Ricardo Silva,2024-05-23,15:31,Financeiro,15:46,Em Aberto,Administrativo,Tarde
Sul ao Norte,Beatriz Lima,2024-05-02,11:18,Vendas,11:48,Cancelado,Comercial,Manhã
Express Sul,Beatriz Lima,2024-05-30,10:45,Reclamação,11:29,Em Aberto,SAC,Manhã
Loja Leste,Felipe Oliveira,2024-03-23,21:11,Reclamação,21:31,Em Aberto,SAC,Noite
Loja Sul,Felipe Oliveira,2024-02-29,08:58,Suporte Técnico,09:42,Cancelado,TI,Manhã
Noroeste,Juliana Santos,2024-01-20,16:29,Troca,17:21,Cancelado,Logística,Tarde
Loja Norte,Amanda Costa,2024-03-01,12:45,Suporte Técnico,13:36,Finalizado,TI,Tarde
Express Oeste,Amanda Costa,2024-05-03,16:00,Reclamação,16:57,Finalizado,SAC,Tarde
Loja Norte,Ricardo Silva,2024-03-02,10:03,Suporte Técnico,10:57,Finalizado,TI,Manhã
Express Sul,Amanda Costa,2024-03-04,08:36,Troca,08:58,Finalizado,Logística,Manhã
Express Oeste,Felipe Oliveira,2024-04-26,15:19,Reclamação,15:54,Finalizado,SAC,Tarde
Loja Oeste,Amanda Costa,2024-05-08,21:19,Suporte Técnico,21:58,Em Aberto,TI,Noite
Loja Oeste,Carlos Souza,2024-04-17,19:15,Suporte Técnico,19:44,Cancelado,TI,Noite
Loja Sul,Juliana Santos,2024-01-05,16:10,Troca,16:54,Finalizado,Logística,Tarde
Centro-Sul,Amanda Costa,2024-01-31,09:46,Reclamação,09:57,Em Aberto,SAC,Manhã
Centro-Oesto,Ricardo Silva,2024-03-02,08:06,Troca,08:44,Finalizado,Logística,Manhã
Noroeste,Juliana Santos,2024-05-29,11:16,Vendas,11:41,Em Aberto,Comercial,Manhã
Loja Matriz,Carlos Souza,2024-01-14,10:25,Vendas,10:45,Finalizado,Comercial,Manhã
Centro-Oesto,Beatriz Lima,2024-04-22,18:10,Financeiro,19:08,Cancelado,Administrativo,Noite
Nordeste,Beatriz Lima,2024-02-17,19:28,Suporte Técnico,20:28,Finalizado,TI,Noite
Loja Leste,Juliana Santos,2024-05-27,15:18,Financeiro,16:17,Finalizado,Administrativo,Tarde
Centro-Oesto,Felipe Oliveira,2024-03-10,16:31,Financeiro,16:56,Cancelado,Administrativo,Tarde
Nordeste,Amanda Costa,2024-01-05,15:44,Financeiro,16:35,Finalizado,Administrativo,Tarde
Express Sul,Beatriz Lima,2024-03-08,15:33,Vendas,15:57,Em Aberto,Comercial,Tarde
Loja Norte,Juliana Santos,2024-01-09,13:39,Suporte Técnico,14:26,Finalizado,TI,Tarde
Loja Sul,Beatriz Lima,2024-01-02,14:10,Reclamação,14:42,Cancelado,SAC,Tarde
Sul ao Norte,Felipe Oliveira,2024-04-22,14:42,Financeiro,15:16,Finalizado,Administrativo,Tarde
Centro-Sul,Juliana Santos,2024-01-22,13:25,Financeiro,13:49,Cancelado,Administrativo,Tarde
Noroeste,Ricardo Silva,2024-01-01,14:42,Financeiro,15:33,Cancelado,Administrativo,Tarde
Loja Norte,Ricardo Silva,2024-02-08,12:31,Troca,13:09,Em Aberto,Logística,Tarde
Noroeste,Beatriz Lima,2024-03-06,13:40,Financeiro,14:39,Cancelado,Administrativo,Tarde
Centro-Sul,Juliana Santos,2024-02-23,12:08,Troca,12:42,Em Aberto,Logística,Tarde
Loja Oeste,Beatriz Lima,2024-02-11,19:24,Troca,19:34,Cancelado,Logística,Noite
Noroeste,Carlos Souza,2024-03-23,10:26,Vendas,10:58,Cancelado,Comercial,Manhã
Centro-Sul,Carlos Souza,2024-01-04,11:19,Suporte Técnico,11:38,Cancelado,TI,Manhã
Nordeste,Beatriz Lima,2024-01-09,19:10,Reclamação,19:49,Finalizado,SAC,Noite
Loja Oeste,Juliana Santos,2024-05-16,08:17,Troca,09:10,Em Aberto,Logística,Manhã
Noroeste,Amanda Costa,2024-02-27,14:01,Financeiro,14:34,Cancelado,Administrativo,Tarde
Loja Oeste,Carlos Souza,2024-05-27,20:10,Troca,20:51,Em Aberto,Logística,Tarde
Nordeste,Beatriz Lima,2024-05-21,16:32,Vendas,16:44,Em Aberto,Comercial,Tarde
Loja Sul,Ricardo Silva,2024-04-13,09:00,Suporte Técnico,09:33,Cancelado,TI,Manhã
Noroeste,Amanda Costa,2024-05-27,20:35,Suporte Técnico,20:45,Finalizado,TI,Noite
Sul ao Norte,Felipe Oliveira,2024-03-30,15:17,Troca,15:46,Finalizado,Logística,Tarde
Loja Leste,Carlos Souza,2024-03-17,10:50,Vendas,11:32,Finalizado,Comercial,Manhã
Express Oeste,Juliana Santos,2024-02-08,19:52,Troca,20:47,Finalizado,Logística,Manhã
Nordeste,Carlos Souza,2024-05-01,21:50,Troca,22:03,Cancelado,Logística,Noite
Express Oeste,Beatriz Lima,2024-03-21,16:15,Reclamação,16:47,Cancelado,SAC,Tarde
Loja Matriz,Beatriz Lima,2024-02-10,17:23,Suporte Técnico,17:44,Finalizado,TI,Tarde
Loja Sul,Juliana Santos,2024-03-16,18:45,Suporte Técnico,19:08,Em Aberto,TI,Tarde
Loja Norte,Ricardo Silva,2024-01-13,20:14,Financeiro,20:47,Cancelado,Administrativo,Manhã
Nordeste,Carlos Souza,2024-05-20,20:59,Vendas,21:33,Cancelado,Comercial,Tarde
Loja Oeste,Ricardo Silva,2024-04-27,17:01,Suporte Técnico,17:24,Cancelado,TI,Tarde
Loja Norte,Carlos Souza,2024-03-19,09:20,Reclamação,10:08,Em Aberto,SAC,Manhã
Express Oeste,Amanda Costa,2024-04-02,15:32,Suporte Técnico,16:20,Cancelado,TI,Tarde
Sul ao Norte,Ricardo Silva,2024-04-20,19:44,Troca,20:13,Finalizado,Logística,Noite
Centro-Sul,Beatriz Lima,2024-05-02,12:45,Financeiro,13:24,Finalizado,Administrativo,Tarde
Loja Leste,Amanda Costa,2024-01-13,20:59,Reclamação,21:55,Finalizado,SAC,Noite
Noroeste,Ricardo Silva,2024-05-10,20:27,Reclamação,20:43,Cancelado,SAC,Noite
Express Sul,Amanda Costa,2024-03-11,10:33,Troca,11:27,Cancelado,Logística,Manhã
Loja Oeste,Felipe Oliveira,2024-02-23,13:55,Vendas,14:31,Em Aberto,Comercial,Tarde
Loja Sul,Beatriz Lima,2024-04-01,13:31,Reclamação,14:01,Finalizado,SAC,Tarde
Loja Matriz,Amanda Costa,2024-05-04,20:54,Financeiro,21:48,Em Aberto,Administrativo,Tarde
Express Sul,Juliana Santos,2024-02-04,21:11,Reclamação,21:35,Cancelado,SAC,Noite
Express Oeste,Felipe Oliveira,2024-05-06,12:22,Reclamação,12:38,Finalizado,SAC,Tarde
Express Sul,Amanda Costa,2024-01-17,20:25,Suporte Técnico,20:37,Cancelado,TI,Manhã
Loja Matriz,Amanda Costa,2024-04-19,09:45,Suporte Técnico,10:11,Cancelado,TI,Manhã
Loja Norte,Amanda Costa,2024-03-04,14:01,Vendas,14:53,Cancelado,Comercial,Tarde
Loja Norte,Beatriz Lima,2024-05-11,18:41,Suporte Técnico,19:28,Em Aberto,TI,Noite
Loja Norte,Felipe Oliveira,2024-05-11,16:27,Reclamação,16:45,Finalizado,SAC,Tarde
Loja Matriz,Juliana Santos,2024-05-08,18:52,Reclamação,19:18,Em Aberto,SAC,Tarde
Sul ao Norte,Beatriz Lima,2024-04-21,14:05,Troca,14:48,Cancelado,Logística,Tarde
Loja Norte,Felipe Oliveira,2024-03-18,10:52,Vendas,11:02,Cancelado,Comercial,Manhã
Sul ao Norte,Ricardo Silva,2024-05-08,16:42,Suporte Técnico,17:18,Cancelado,TI,Tarde
Sul ao Norte,Ricardo Silva,2024-02-16,08:47,Financeiro,09:31,Em Aberto,Administrativo,Manhã
Sul ao Norte,Beatriz Lima,2024-01-11,14:29,Troca,14:55,Finalizado,Logística,Tarde
Nordeste,Amanda Costa,2024-03-10,09:13,Financeiro,10:12,Cancelado,Administrativo,Manhã
Loja Leste,Amanda Costa,2024-01-19,09:59,Vendas,10:12,Cancelado,Comercial,Manhã
Nordeste,Felipe Oliveira,2024-01-07,12:16,Troca,13:11,Em Aberto,Logística,Tarde
Noroeste,Carlos Souza,2024-04-29,09:11,Financeiro,09:47,Cancelado,Administrativo,Manhã
Express Sul,Amanda Costa,2024-04-17,20:03,Financeiro,20:18,Cancelado,Administrativo,Tarde
Express Oeste,Beatriz Lima,2024-05-21,18:49,Suporte Técnico,19:28,Cancelado,TI,Manhã
Loja Leste,Carlos Souza,2024-05-01,08:21,Financeiro,09:08,Em Aberto,Administrativo,Manhã
Loja Leste,Carlos Souza,2024-05-02,13:46,Reclamação,14:04,Finalizado,SAC,Tarde
Centro-Sul,Beatriz Lima,2024-04-02,09:30,Reclamação,10:05,Cancelado,SAC,Manhã
Centro-Sul,Beatriz Lima,2024-04-09,19:29,Reclamação,20:13,Finalizado,SAC,Manhã
Express Oeste,Juliana Santos,2024-05-30,13:41,Reclamação,13:56,Finalizado,SAC,Tarde
Centro-Oesto,Juliana Santos,2024-05-30,20:17,Suporte Técnico,20:44,Finalizado,TI,Noite
Loja Oeste,Juliana Santos,2024-02-08,17:57,Financeiro,18:52,Em Aberto,Administrativo,Tarde
Centro-Oesto,Ricardo Silva,2024-05-08,14:46,Troca,15:31,Finalizado,Logística,Tarde
Express Oeste,Amanda Costa,2024-04-07,10:19,Troca,10:36,Cancelado,Logística,Manhã
Loja Matriz,Juliana Santos,2024-04-07,15:41,Troca,16:31,Em Aberto,Logística,Tarde
Centro-Oesto,Carlos Souza,2024-05-27,21:31,Reclamação,21:58,Em Aberto,SAC,Noite
Loja Leste,Felipe Oliveira,2024-01-18,12:20,Suporte Técnico,13:10,Finalizado,TI,Tarde
Loja Leste,Juliana Santos,2024-03-16,10:29,Reclamação,10:53,Em Aberto,SAC,Manhã
Noroeste,Juliana Santos,2024-01-21,13:52,Reclamação,14:40,Cancelado,SAC,Tarde
Noroeste,Carlos Souza,2024-05-30,11:55,Troca,12:42,Cancelado,Logística,Manhã
Express Sul,Juliana Santos,2024-03-29,14:32,Reclamação,15:03,Em Aberto,SAC,Tarde
Loja Matriz,Beatriz Lima,2024-04-01,21:20,Reclamação,22:03,Cancelado,SAC,Noite
Loja Norte,Amanda Costa,2024-02-17,13:57,Reclamação,14:13,Finalizado,SAC,Tarde
Express Sul,Beatriz Lima,2024-01-14,21:32,Vendas,22:03,Finalizado,Comercial,Noite
Sul ao Norte,Beatriz Lima,2024-02-29,20:24,Suporte Técnico,21:10,Em Aberto,TI,Noite
Loja Matriz,Ricardo Silva,2024-05-04,14:17,Reclamação,14:49,Em Aberto,SAC,Tarde
Sul ao Norte,Ricardo Silva,2024-01-28,08:45,Financeiro,09:33,Finalizado,Administrativo,Manhã
Centro-Sul,Amanda Costa,2024-01-21,11:21,Vendas,12:19,Em Aberto,Comercial,Manhã
Loja Norte,Ricardo Silva,2024-05-19,18:10,Financeiro,18:55,Cancelado,Administrativo,Noite
Express Sul,Beatriz Lima,2024-05-02,11:06,Vendas,11:40,Finalizado,Comercial,Manhã
Express Sul,Carlos Souza,2024-04-22,15:51,Financeiro,16:45,Em Aberto,Administrativo,Tarde
Loja Norte,Felipe Oliveira,2024-02-20,15:59,Vendas,16:17,Em Aberto,Comercial,Tarde
Sul ao Norte,Amanda Costa,2024-04-01,08:22,Vendas,08:57,Em Aberto,Comercial,Manhã
Loja Oeste,Carlos Souza,2024-01-05,10:31,Vendas,11:31,Finalizado,Comercial,Manhã
Noroeste,Carlos Souza,2024-03-29,17:55,Reclamação,18:06,Finalizado,SAC,Tarde
Express Sul,Ricardo Silva,2024-02-04,18:56,Vendas,19:50,Em Aberto,Comercial,Noite
Centro-Sul,Amanda Costa,2024-04-27,20:16,Troca,20:33,Cancelado,Logística,Noite
Loja Oeste,Beatriz Lima,2024-01-11,20:34,Troca,20:44,Cancelado,Logística,Noite
Loja Oeste,Carlos Souza,2024-02-22,09:09,Vendas,09:59,Finalizado,Comercial,Manhã
Noroeste,Felipe Oliveira,2024-01-03,13:50,Vendas,14:10,Cancelado,Comercial,Tarde
Express Sul,Juliana Santos,2024-01-02,14:40,Suporte Técnico,14:54,Finalizado,TI,Tarde
Noroeste,Amanda Costa,2024-04-26,10:41,Suporte Técnico,11:00,Cancelado,TI,Manhã
Loja Leste,Juliana Santos,2024-02-17,18:38,Suporte Técnico,18:52,Cancelado,TI,Noite
Nordeste,Ricardo Silva,2024-05-28,14:36,Vendas,15:10,Finalizado,Comercial,Tarde
Loja Leste,Amanda Costa,2024-02-12,18:17,Suporte Técnico,19:17,Finalizado,TI,Noite
Sul ao Norte,Carlos Souza,2024-02-01,08:30,Vendas,09:15,Finalizado,Comercial,Manhã
Nordeste,Juliana Santos,2024-02-02,21:59,Vendas,22:48,Em Aberto,Comercial,Noite
Sul ao Norte,Beatriz Lima,2024-05-02,11:44,Reclamação,12:26,Em Aberto,SAC,Manhã
Noroeste,Amanda Costa,2024-04-23,14:08,Reclamação,14:41,Finalizado,SAC,Tarde
Loja Matriz,Felipe Oliveira,2024-04-28,08:43,Financeiro,09:37,Em Aberto,Administrativo,Manhã
Express Sul,Juliana Santos,2024-05-17,15:32,Troca,16:02,Em Aberto,Logística,Tarde
Loja Norte,Carlos Souza,2024-05-28,20:42,Financeiro,21:05,Em Aberto,Administrativo,Noite
Loja Norte,Beatriz Lima,2024-02-24,19:41,Suporte Técnico,19:56,Cancelado,TI,Noite
Express Sul,Ricardo Silva,2024-01-13,09:11,Reclamação,10:02,Em Aberto,SAC,Manhã
Sul ao Norte,Felipe Oliveira,2024-03-04,14:13,Vendas,14:52,Cancelado,Comercial,Tarde
Loja Matriz,Ricardo Silva,2024-04-19,21:18,Vendas,21:35,Em Aberto,Comercial,Noite
Loja Leste,Amanda Costa,2024-01-20,15:28,Financeiro,15:51,Em Aberto,Administrativo,Tarde
Loja Leste,Felipe Oliveira,2024-04-30,18:16,Suporte Técnico,19:02,Em Aberto,TI,Noite
Loja Oeste,Felipe Oliveira,2024-05-16,11:56,Vendas,12:55,Em Aberto,Comercial,Manhã
Noroeste,Beatriz Lima,2024-04-10,20:35,Financeiro,21:05,Finalizado,Administrativo,Noite
Express Sul,Beatriz Lima,2024-02-17,19:37,Troca,19:57,Cancelado,Logística,Noite
Centro-Oesto,Ricardo Silva,2024-03-10,19:58,Troca,20:31,Em Aberto,Logística,Noite
Loja Sul,Carlos Souza,2024-02-29,11:38,Reclamação,12:03,Cancelado,SAC,Manhã
Loja Leste,Juliana Santos,2024-04-26,21:06,Troca,22:02,Finalizado,Logística,Noite
Loja Matriz,Amanda Costa,2024-02-21,13:33,Suporte Técnico,14:27,Cancelado,TI,Tarde
Loja Norte,Carlos Souza,2024-01-13,08:57,Troca,09:55,Cancelado,Logística,Manhã
Express Oeste,Juliana Santos,2024-05-08,19:08,Financeiro,19:46,Cancelado,Administrativo,Noite
Centro-Sul,Carlos Souza,2024-02-12,09:41,Reclamação,10:03,Cancelado,SAC,Manhã
Centro-Oesto,Juliana Santos,2024-04-08,21:16,Reclamação,21:32,Em Aberto,SAC,Noite
Centro-Sul,Carlos Souza,2024-02-08,17:30,Suporte Técnico,17:58,Finalizado,TI,Tarde
Centro-Oesto,Juliana Santos,2024-02-06,19:22,Suporte Técnico,19:53,Cancelado,TI,Noite
Loja Leste,Ricardo Silva,2024-04-18,20:55,Suporte Técnico,21:16,Finalizado,TI,Noite
Express Oeste,Ricardo Silva,2024-01-20,10:00,Reclamação,10:54,Em Aberto,SAC,Manhã
Noroeste,Beatriz Lima,2024-03-05,10:26,Financeiro,11:09,Em Aberto,Administrativo,Manhã
Loja Norte,Carlos Souza,2024-02-28,09:42,Financeiro,09:53,Finalizado,Administrativo,Manhã
Loja Norte,Felipe Oliveira,2024-04-03,21:18,Suporte Técnico,21:39,Em Aberto,TI,Noite
Express Sul,Carlos Souza,2024-03-26,11:42,Vendas,12:06,Em Aberto,Comercial,Manhã
Sul ao Norte,Amanda Costa,2024-04-29,12:25,Troca,12:55,Cancelado,Logística,Tarde
Express Sul,Ricardo Silva,2024-05-06,19:45,Financeiro,20:20,Em Aberto,Administrativo,Noite
Express Sul,Ricardo Silva,2024-03-28,21:10,Troca,21:34,Em Aberto,Logística,Noite
Sul ao Norte,Amanda Costa,2024-03-01,14:50,Troca,15:02,Em Aberto,Logística,Tarde
Loja Matriz,Juliana Santos,2024-02-13,20:00,Troca,20:51,Cancelado,Logística,Noite
Noroeste,Juliana Santos,2024-01-19,14:56,Reclamação,15:18,Cancelado,SAC,Tarde
Express Oeste,Carlos Souza,2024-04-17,08:45,Vendas,09:45,Cancelado,Comercial,Manhã
Loja Sul,Beatriz Lima,2024-05-14,11:42,Suporte Técnico,12:12,Finalizado,TI,Manhã
Sul ao Norte,Ricardo Silva,2024-03-12,21:38,Reclamação,22:28,Finalizado,SAC,Noite
Nordeste,Juliana Santos,2024-02-04,20:13,Troca,20:58,Em Aberto,Logística,Noite
Loja Leste,Amanda Costa,2024-04-10,19:26,Suporte Técnico,20:11,Em Aberto,TI,Noite
Loja Norte,Amanda Costa,2024-04-01,15:40,Financeiro,15:55,Em Aberto,Administrativo,Tarde
Centro-Sul,Juliana Santos,2024-05-16,21:08,Troca,22:06,Finalizado,Logística,Noite
Express Sul,Felipe Oliveira,2024-02-03,11:49,Vendas,12:44,Em Aberto,Comercial,Manhã
Loja Sul,Juliana Santos,2024-05-03,12:39,Vendas,13:21,Finalizado,Comercial,Tarde
Loja Leste,Carlos Souza,2024-04-03,14:45,Financeiro,15:16,Finalizado,Administrativo,Tarde
Loja Norte,Ricardo Silva,2024-04-11,13:47,Vendas,14:05,Finalizado,Comercial,Tarde
Express Oeste,Ricardo Silva,2024-01-21,15:45,Reclamação,16:03,Cancelado,SAC,Tarde
Nordeste,Ricardo Silva,2024-01-24,20:11,Troca,21:08,Em Aberto,Logística,Noite
Noroeste,Ricardo Silva,2024-04-01,21:11,Vendas,21:30,Em Aberto,Comercial,Noite
Loja Sul,Carlos Souza,2024-02-04,18:57,Suporte Técnico,19:21,Finalizado,TI,Noite
Loja Oeste,Felipe Oliveira,2024-05-22,11:34,Vendas,11:54,Em Aberto,Comercial,Manhã
Nordeste,Amanda Costa,2024-04-05,10:40,Suporte Técnico,11:02,Finalizado,TI,Manhã
Loja Norte,Juliana Santos,2024-02-25,20:43,Reclamação,21:17,Cancelado,SAC,Noite
Loja Sul,Ricardo Silva,2024-03-08,10:35,Reclamação,10:46,Em Aberto,SAC,Manhã
Loja Oeste,Beatriz Lima,2024-03-04,08:23,Suporte Técnico,09:10,Em Aberto,TI,Manhã
Express Oeste,Ricardo Silva,2024-04-27,13:22,Reclamação,13:33,Cancelado,SAC,Tarde
Express Oeste,Amanda Costa,2024-02-22,20:47,Reclamação,21:39,Finalizado,SAC,Noite
Nordeste,Beatriz Lima,2024-04-15,18:48,Financeiro,19:45,Em Aberto,Administrativo,Noite
Express Oeste,Beatriz Lima,2024-05-10,14:32,Reclamação,15:25,Cancelado,SAC,Tarde
Centro-Sul,Ricardo Silva,2024-01-14,16:08,Reclamação,17:01,Finalizado,SAC,Tarde
Loja Matriz,Beatriz Lima,2024-01-04,13:42,Financeiro,14:02,Finalizado,Administrativo,Tarde
Loja Oeste,Carlos Souza,2024-01-03,20:29,Financeiro,21:18,Finalizado,Administrativo,Noite
Express Oeste,Felipe Oliveira,2024-05-16,09:28,Financeiro,10:04,Finalizado,Administrativo,Manhã
Sul ao Norte,Beatriz Lima,2024-04-07,09:00,Troca,09:50,Finalizado,Logística,Manhã
Noroeste,Ricardo Silva,2024-01-20,10:39,Troca,11:23,Em Aberto,Logística,Manhã
Loja Oeste,Amanda Costa,2024-02-12,20:51,Reclamação,21:50,Em Aberto,SAC,Noite
Nordeste,Juliana Santos,2024-02-11,12:52,Financeiro,13:34,Em Aberto,Administrativo,Tarde
Nordeste,Amanda Costa,2024-02-09,14:15,Suporte Técnico,14:59,Finalizado,TI,Tarde
Loja Oeste,Ricardo Silva,2024-05-28,21:46,Vendas,22:02,Finalizado,Comercial,Noite
Loja Sul,Ricardo Silva,2024-04-17,21:13,Vendas,21:26,Cancelado,Comercial,Noite
Loja Sul,Juliana Santos,2024-03-30,09:44,Suporte Técnico,10:24,Em Aberto,TI,Manhã
Loja Norte,Amanda Costa,2024-01-29,12:24,Troca,12:34,Cancelado,Logística,Tarde
Loja Sul,Juliana Santos,2024-02-04,11:41,Troca,12:09,Em Aberto,Logística,Manhã
Centro-Sul,Carlos Souza,2024-05-18,08:45,Vendas,09:23,Cancelado,Comercial,Manhã
Noroeste,Amanda Costa,2024-03-13,19:11,Reclamação,19:42,Cancelado,SAC,Noite
Loja Norte,Juliana Santos,2024-03-23,08:31,Suporte Técnico,09:18,Finalizado,TI,Manhã
Loja Sul,Juliana Santos,2024-05-20,09:47,Troca,10:04,Finalizado,Logística,Manhã
Centro-Sul,Felipe Oliveira,2024-04-07,12:17,Reclamação,12:59,Cancelado,SAC,Tarde
Express Oeste,Juliana Santos,2024-05-30,16:27,Vendas,16:44,Finalizado,Comercial,Tarde
Noroeste,Juliana Santos,2024-01-04,11:29,Suporte Técnico,12:20,Em Aberto,TI,Manhã
Loja Norte,Amanda Costa,2024-02-08,17:15,Suporte Técnico,17:53,Em Aberto,TI,Tarde
Centro-Oesto,Ricardo Silva,2024-01-29,20:33,Troca,21:32,Finalizado,Logística,Noite
Express Sul,Beatriz Lima,2024-01-24,17:30,Troca,17:51,Finalizado,Logística,Tarde
Express Sul,Carlos Souza,2024-05-27,19:24,Vendas,20:02,Em Aberto,Comercial,Noite
Loja Oeste,Carlos Souza,2024-02-17,13:21,Suporte Técnico,13:50,Finalizado,TI,Tarde
Express Oeste,Ricardo Silva,2024-02-01,20:40,Troca,20:57,Finalizado,Logística,Noite
Loja Norte,Juliana Santos,2024-01-10,08:11,Reclamação,09:01,Cancelado,SAC,Manhã
Loja Leste,Beatriz Lima,2024-01-18,11:25,Financeiro,12:04,Finalizado,Administrativo,Manhã
Loja Norte,Beatriz Lima,2024-03-27,21:18,Suporte Técnico,21:54,Finalizado,TI,Noite
Loja Leste,Ricardo Silva,2024-04-24,11:56,Troca,12:11,Cancelado,Logística,Manhã
Centro-Oesto,Carlos Souza,2024-02-26,12:57,Suporte Técnico,13:47,Cancelado,TI,Tarde
Sul ao Norte,Carlos Souza,2024-03-17,13:18,Financeiro,13:44,Cancelado,Administrativo,Tarde
Loja Sul,Juliana Santos,2024-02-07,18:45,Suporte Técnico,19:36,Finalizado,TI,Noite
Sul ao Norte,Amanda Costa,2024-03-19,10:17,Suporte Técnico,10:48,Finalizado,TI,Manhã
Express Oeste,Juliana Santos,2024-04-17,19:07,Suporte Técnico,19:31,Finalizado,TI,Noite
Noroeste,Carlos Souza,2024-03-03,11:01,Reclamação,11:37,Em Aberto,SAC,Manhã
Loja Leste,Beatriz Lima,2024-03-06,19:13,Financeiro,19:42,Em Aberto,Administrativo,Noite
Loja Sul,Carlos Souza,2024-05-13,12:03,Financeiro,12:26,Finalizado,Administrativo,Tarde
Centro-Oesto,Beatriz Lima,2024-03-12,10:31,Troca,10:54,Cancelado,Logística,Manhã
Loja Oeste,Felipe Oliveira,2024-02-27,09:03,Troca,09:18,Em Aberto,Logística,Manhã
Sul ao Norte,Beatriz Lima,2024-05-18,14:38,Financeiro,14:59,Cancelado,Administrativo,Tarde
Centro-Oesto,Felipe Oliveira,2024-01-26,10:55,Financeiro,11:37,Finalizado,Administrativo,Manhã
Centro-Sul,Amanda Costa,2024-05-14,20:19,Suporte Técnico,21:16,Finalizado,TI,Noite
Express Sul,Beatriz Lima,2024-02-16,20:02,Reclamação,21:01,Cancelado,SAC,Noite
Loja Leste,Juliana Santos,2024-02-22,18:11,Financeiro,18:55,Em Aberto,Administrativo,Noite
Loja Sul,Amanda Costa,2024-01-05,21:16,Vendas,22:15,Finalizado,Comercial,Noite
Sul ao Norte,Felipe Oliveira,2024-05-18,18:02,Financeiro,18:23,Finalizado,Administrativo,Noite
Loja Leste,Carlos Souza,2024-03-14,18:04,Suporte Técnico,18:35,Finalizado,TI,Noite
Loja Leste,Juliana Santos,2024-04-21,13:15,Troca,14:08,Em Aberto,Logística,Tarde
Express Sul,Juliana Santos,2024-04-19,15:06,Financeiro,15:46,Cancelado,Administrativo,Tarde
Noroeste,Juliana Santos,2024-05-12,17:51,Suporte Técnico,18:51,Em Aberto,TI,Tarde
Loja Matriz,Carlos Souza,2024-03-11,21:50,Financeiro,22:31,Finalizado,Administrativo,Noite
Express Sul,Juliana Santos,2024-05-06,14:04,Financeiro,14:23,Cancelado,Administrativo,Tarde
Loja Sul,Ricardo Silva,2024-03-06,16:03,Reclamação,16:29,Cancelado,SAC,Tarde
Loja Matriz,Juliana Santos,2024-02-07,17:12,Financeiro,17:37,Em Aberto,Administrativo,Tarde
Express Sul,Carlos Souza,2024-03-15,15:31,Suporte Técnico,16:18,Em Aberto,TI,Tarde
Sul ao Norte,Felipe Oliveira,2024-01-03,08:53,Financeiro,09:05,Cancelado,Administrativo,Manhã
Nordeste,Juliana Santos,2024-03-27,17:36,Troca,18:34,Cancelado,Logística,Tarde
Express Sul,Juliana Santos,2024-01-26,19:50,Financeiro,20:19,Em Aberto,Administrativo,Noite
Loja Sul,Juliana Santos,2024-01-21,19:44,Vendas,20:10,Finalizado,Comercial,Noite
Loja Leste,Carlos Souza,2024-01-26,18:40,Vendas,19:03,Cancelado,Comercial,Noite
Noroeste,Ricardo Silva,2024-03-26,21:09,Troca,21:34,Finalizado,Logística,Noite
Centro-Sul,Beatriz Lima,2024-05-13,12:52,Vendas,13:19,Finalizado,Comercial,Tarde
Sul ao Norte,Beatriz Lima,2024-02-28,19:30,Vendas,20:28,Cancelado,Comercial,Noite
Loja Sul,Carlos Souza,2024-05-26,16:15,Vendas,16:53,Cancelado,Comercial,Tarde
Express Oeste,Carlos Souza,2024-04-28,11:50,Vendas,12:34,Cancelado,Comercial,Manhã
Sul ao Norte,Beatriz Lima,2024-01-09,21:12,Financeiro,21:31,Finalizado,Administrativo,Noite
Sul ao Norte,Amanda Costa,2024-03-08,10:19,Reclamação,11:18,Cancelado,SAC,Manhã
Express Sul,Felipe Oliveira,2024-02-14,15:23,Financeiro,15:57,Em Aberto,Administrativo,Tarde
Loja Leste,Carlos Souza,2024-01-04,16:48,Financeiro,17:33,Em Aberto,Administrativo,Tarde
Nordeste,Amanda Costa,2024-05-15,18:18,Reclamação,18:39,Finalizado,SAC,Noite
Loja Matriz,Carlos Souza,2024-05-02,16:37,Troca,17:17,Finalizado,Logística,Tarde
Nordeste,Carlos Souza,2024-03-22,13:18,Vendas,13:53,Cancelado,Comercial,Tarde
Loja Matriz,Beatriz Lima,2024-03-18,17:58,Reclamação,18:42,Finalizado,SAC,Tarde
Nordeste,Amanda Costa,2024-05-29,16:58,Reclamação,17:23,Finalizado,SAC,Tarde
Express Oeste,Juliana Santos,2024-02-11,14:29,Troca,14:41,Finalizado,Logística,Tarde
Loja Sul,Amanda Costa,2024-04-18,18:22,Financeiro,18:37,Em Aberto,Administrativo,Noite
Sul ao Norte,Felipe Oliveira,2024-04-25,14:52,Suporte Técnico,15:25,Em Aberto,TI,Tarde
Centro-Oesto,Amanda Costa,2024-02-04,08:03,Reclamação,08:37,Em Aberto,SAC,Manhã
Loja Leste,Amanda Costa,2024-01-31,21:18,Reclamação,22:09,Cancelado,SAC,Noite
Centro-Oesto,Beatriz Lima,2024-03-13,09:48,Reclamação,10:12,Finalizado,SAC,Manhã
Loja Norte,Felipe Oliveira,2024-02-02,21:10,Reclamação,21:24,Em Aberto,SAC,Noite
Loja Sul,Felipe Oliveira,2024-03-06,12:26,Financeiro,12:36,Em Aberto,Administrativo,Tarde
Sul ao Norte,Carlos Souza,2024-05-07,20:03,Financeiro,21:01,Finalizado,Administrativo,Noite
Loja Norte,Amanda Costa,2024-01-17,16:06,Financeiro,16:25,Cancelado,Administrativo,Tarde
Express Oeste,Felipe Oliveira,2024-01-27,09:04,Vendas,09:27,Em Aberto,Comercial,Manhã
Loja Leste,Felipe Oliveira,2024-02-29,18:57,Troca,19:27,Em Aberto,Logística,Noite
Centro-Oesto,Carlos Souza,2024-05-30,17:50,Troca,18:00,Finalizado,Logística,Tarde
Loja Sul,Beatriz Lima,2024-04-18,08:29,Suporte Técnico,08:49,Em Aberto,TI,Manhã
Loja Leste,Juliana Santos,2024-03-20,11:38,Financeiro,12:07,Cancelado,Administrativo,Manhã
Noroeste,Amanda Costa,2024-04-26,16:36,Suporte Técnico,17:20,Cancelado,TI,Tarde
Loja Norte,Beatriz Lima,2024-01-12,16:16,Troca,17:07,Em Aberto,Logística,Tarde
Centro-Oesto,Carlos Souza,2024-05-14,21:16,Financeiro,21:41,Cancelado,Administrativo,Noite
Sul ao Norte,Ricardo Silva,2024-03-24,11:04,Suporte Técnico,11:33,Em Aberto,TI,Manhã
Noroeste,Carlos Souza,2024-03-30,20:12,Vendas,21:12,Cancelado,Comercial,Noite
Loja Norte,Juliana Santos,2024-01-26,09:26,Troca,10:08,Cancelado,Logística,Manhã
Sul ao Norte,Felipe Oliveira,2024-05-22,13:57,Troca,14:44,Em Aberto,Logística,Tarde
Centro-Oesto,Beatriz Lima,2024-03-18,21:31,Financeiro,22:04,Cancelado,Administrativo,Noite
Noroeste,Carlos Souza,2024-03-27,13:40,Reclamação,14:28,Cancelado,SAC,Tarde
Loja Leste,Beatriz Lima,2024-03-10,14:07,Suporte Técnico,14:48,Em Aberto,TI,Tarde
Loja Leste,Carlos Souza,2024-03-07,15:48,Reclamação,16:04,Em Aberto,SAC,Tarde
Loja Matriz,Felipe Oliveira,2024-03-03,09:47,Suporte Técnico,10:25,Em Aberto,TI,Manhã
Loja Leste,Carlos Souza,2024-01-01,11:56,Troca,12:47,Em Aberto,Logística,Manhã
Loja Leste,Carlos Souza,2024-04-02,17:39,Troca,18:33,Cancelado,Logística,Tarde
Express Oeste,Ricardo Silva,2024-03-05,12:12,Financeiro,12:52,Em Aberto,Administrativo,Tarde
Express Oeste,Juliana Santos,2024-01-24,16:02,Troca,16:30,Em Aberto,Logística,Tarde
Noroeste,Felipe Oliveira,2024-03-20,18:27,Troca,19:19,Em Aberto,Logística,Noite
Loja Leste,Ricardo Silva,2024-01-27,14:33,Troca,15:10,Em Aberto,Logística,Tarde
Loja Sul,Carlos Souza,2024-05-10,21:55,Troca,22:49,Em Aberto,Logística,Noite
Express Oeste,Beatriz Lima,2024-05-08,10:36,Troca,11:16,Cancelado,Logística,Manhã
Loja Sul,Amanda Costa,2024-02-01,10:23,Troca,10:43,Cancelado,Logística,Manhã
Express Sul,Beatriz Lima,2024-01-07,13:18,Troca,13:59,Em Aberto,Logística,Tarde
Centro-Sul,Ricardo Silva,2024-03-16,14:38,Troca,15:08,Cancelado,Logística,Tarde
Loja Norte,Carlos Souza,2024-05-20,09:23,Troca,10:15,Finalizado,Logística,Manhã
Loja Sul,Carlos Souza,2024-04-13,19:57,Vendas,20:13,Cancelado,Comercial,Noite
Loja Norte,Juliana Santos,2024-03-01,20:58,Reclamação,21:35,Em Aberto,SAC,Noite
Express Sul,Felipe Oliveira,2024-03-11,21:50,Reclamação,22:46,Em Aberto,SAC,Noite
Loja Matriz,Beatriz Lima,2024-04-18,08:06,Suporte Técnico,08:43,Cancelado,TI,Manhã
Express Sul,Felipe Oliveira,2024-01-12,15:12,Vendas,15:35,Finalizado,Comercial,Tarde
Sul ao Norte,Carlos Souza,2024-02-21,10:35,Reclamação,11:23,Em Aberto,SAC,Manhã
Nordeste,Ricardo Silva,2024-02-22,11:56,Reclamação,12:26,Finalizado,SAC,Manhã
Sul ao Norte,Beatriz Lima,2024-04-19,11:31,Vendas,12:10,Finalizado,Comercial,Manhã
Loja Sul,Ricardo Silva,2024-02-24,21:23,Vendas,22:01,Em Aberto,Comercial,Noite
Noroeste,Carlos Souza,2024-05-04,12:46,Financeiro,13:20,Finalizado,Administrativo,Tarde
Express Oeste,Amanda Costa,2024-02-07,13:06,Financeiro,13:54,Cancelado,Administrativo,Tarde
Centro-Sul,Ricardo Silva,2024-05-03,08:51,Vendas,09:19,Cancelado,Comercial,Manhã
Loja Oeste,Carlos Souza,2024-01-28,13:08,Vendas,13:23,Cancelado,Comercial,Tarde
Loja Matriz,Felipe Oliveira,2024-02-26,20:23,Troca,20:41,Cancelado,Logística,Noite
Loja Sul,Carlos Souza,2024-04-12,15:53,Financeiro,16:45,Cancelado,Administrativo,Tarde
Nordeste,Beatriz Lima,2024-04-27,17:16,Vendas,18:06,Cancelado,Comercial,Tarde
Nordeste,Carlos Souza,2024-05-03,20:00,Troca,20:58,Em Aberto,Logística,Noite
Loja Norte,Beatriz Lima,2024-01-31,21:52,Troca,22:45,Cancelado,Logística,Noite
Express Oeste,Carlos Souza,2024-03-19,12:57,Financeiro,13:22,Finalizado,Administrativo,Tarde
Loja Matriz,Ricardo Silva,2024-03-26,12:56,Vendas,13:53,Em Aberto,Comercial,Tarde
Noroeste,Amanda Costa,2024-05-11,08:50,Financeiro,09:46,Em Aberto,Administrativo,Manhã
Loja Norte,Beatriz Lima,2024-03-23,14:59,Reclamação,15:23,Em Aberto,SAC,Tarde
Sul ao Norte,Juliana Santos,2024-03-27,18:43,Troca,19:07,Em Aberto,Logística,Noite
Express Sul,Beatriz Lima,2024-02-14,15:51,Financeiro,16:14,Cancelado,Administrativo,Tarde
Loja Leste,Amanda Costa,2024-05-19,18:29,Vendas,19:25,Em Aberto,Comercial,Noite
Loja Matriz,Felipe Oliveira,2024-02-13,17:13,Reclamação,17:38,Finalizado,SAC,Tarde
Centro-Oesto,Carlos Souza,2024-01-19,11:08,Troca,11:38,Finalizado,Logística,Manhã
Express Oeste,Juliana Santos,2024-03-21,08:47,Suporte Técnico,09:00,Finalizado,TI,Tarde
Sul ao Norte,Juliana Santos,2024-01-21,19:08,Financeiro,19:57,Em Aberto,Administrativo,Tarde
Express Oeste,Juliana Santos,2024-01-25,09:11,Troca,09:55,Em Aberto,Logística,Tarde
Nordeste,Beatriz Lima,2024-05-22,10:37,Reclamação,11:01,Em Aberto,SAC,Tarde
Centro-Oesto,Amanda Costa,2024-02-28,16:47,Financeiro,17:40,Cancelado,Administrativo,Tarde
Sul ao Norte,Beatriz Lima,2024-04-02,10:14,Reclamação,10:55,Cancelado,SAC,Manhã
Express Oeste,Carlos Souza,2024-03-04,09:13,Vendas,09:54,Em Aberto,Comercial,Tarde
Centro-Oesto,Beatriz Lima,2024-01-10,10:58,Suporte Técnico,11:43,Cancelado,TI,Manhã
Loja Sul,Felipe Oliveira,2024-05-06,14:01,Vendas,14:55,Em Aberto,Comercial,Tarde
Loja Leste,Ricardo Silva,2024-03-16,12:56,Suporte Técnico,13:55,Em Aberto,TI,Tarde
Express Sul,Juliana Santos,2024-03-02,16:00,Suporte Técnico,16:39,Cancelado,TI,Tarde
Loja Sul,Juliana Santos,2024-04-06,14:59,Reclamação,15:55,Finalizado,SAC,Tarde
Loja Matriz,Juliana Santos,2024-04-15,14:11,Reclamação,14:27,Cancelado,SAC,Tarde
Loja Norte,Ricardo Silva,2024-04-16,19:20,Financeiro,19:45,Finalizado,Administrativo,Noite
Loja Leste,Ricardo Silva,2024-05-29,20:10,Reclamação,20:43,Em Aberto,SAC,Noite
Centro-Oesto,Felipe Oliveira,2024-05-22,18:16,Suporte Técnico,18:44,Em Aberto,TI,Manhã
Express Oeste,Amanda Costa,2024-01-31,20:38,Vendas,21:18,Finalizado,Comercial,Noite
Loja Leste,Beatriz Lima,2024-04-12,20:00,Troca,20:42,Cancelado,Logística,Noite
Express Sul,Carlos Souza,2024-02-05,13:22,Financeiro,14:16,Finalizado,Administrativo,Tarde
Express Oeste,Amanda Costa,2024-05-04,16:19,Suporte Técnico,16:41,Finalizado,TI,Tarde
Loja Matriz,Carlos Souza,2024-05-08,17:00,Financeiro,17:21,Em Aberto,Administrativo,Tarde
Loja Leste,Ricardo Silva,2024-01-01,12:29,Financeiro,13:27,Finalizado,Administrativo,Tarde
Centro-Sul,Beatriz Lima,2024-04-29,08:46,Financeiro,09:07,Finalizado,Administrativo,Manhã
Sul ao Norte,Beatriz Lima,2024-04-30,12:29,Financeiro,13:08,Finalizado,Administrativo,Tarde
Noroeste,Beatriz Lima,2024-03-03,10:37,Troca,11:03,Finalizado,Logística,Manhã
Nordeste,Ricardo Silva,2024-03-25,13:21,Vendas,13:44,Finalizado,Comercial,Tarde
Centro-Sul,Beatriz Lima,2024-01-16,12:18,Troca,12:56,Finalizado,Logística,Tarde
Noroeste,Felipe Oliveira,2024-03-01,14:20,Financeiro,14:46,Em Aberto,Administrativo,Tarde
Centro-Oesto,Felipe Oliveira,2024-01-17,12:22,Suporte Técnico,13:06,Em Aberto,TI,Tarde
Centro-Oesto,Beatriz Lima,2024-03-06,14:42,Financeiro,15:20,Finalizado,Administrativo,Tarde
Loja Norte,Juliana Santos,2024-01-06,08:20,Vendas,09:12,Cancelado,Comercial,Manhã
Loja Norte,Amanda Costa,2024-02-18,13:48,Suporte Técnico,14:14,Cancelado,TI,Tarde
Centro-Sul,Amanda Costa,2024-05-19,13:02,Reclamação,13:25,Cancelado,SAC,Tarde
Loja Matriz,Beatriz Lima,2024-04-30,20:46,Troca,21:15,Cancelado,Logística,Manhã
Loja Norte,Ricardo Silva,2024-02-14,11:54,Suporte Técnico,12:26,Finalizado,TI,Manhã
Express Sul,Beatriz Lima,2024-03-22,14:10,Suporte Técnico,14:41,Finalizado,TI,Tarde
Express Sul,Juliana Santos,2024-03-13,12:31,Financeiro,13:13,Finalizado,Administrativo,Tarde
Express Sul,Juliana Santos,2024-04-27,09:39,Reclamação,10:19,Em Aberto,SAC,Manhã
Loja Sul,Ricardo Silva,2024-02-09,11:32,Reclamação,12:12,Finalizado,SAC,Manhã
Express Oeste,Felipe Oliveira,2024-02-24,21:24,Reclamação,22:19,Finalizado,SAC,Manhã
Centro-Oesto,Beatriz Lima,2024-05-20,14:35,Reclamação,15:17,Cancelado,SAC,Tarde
Loja Leste,Felipe Oliveira,2024-04-09,09:38,Vendas,09:54,Em Aberto,Comercial,Manhã
Sul ao Norte,Beatriz Lima,2024-01-04,21:33,Reclamação,21:47,Finalizado,SAC,Noite
Loja Sul,Carlos Souza,2024-04-10,21:56,Suporte Técnico,22:14,Cancelado,TI,Manhã
Loja Sul,Juliana Santos,2024-05-07,17:16,Financeiro,17:49,Finalizado,Administrativo,Tarde
Loja Leste,Amanda Costa,2024-04-29,17:42,Troca,17:59,Cancelado,Logística,Tarde
Express Oeste,Beatriz Lima,2024-02-14,09:45,Troca,10:03,Finalizado,Logística,Manhã
Express Sul,Beatriz Lima,2024-05-22,21:21,Reclamação,22:04,Cancelado,SAC,Noite
Express Sul,Beatriz Lima,2024-05-24,10:09,Troca,10:54,Finalizado,Logística,Manhã
Sul ao Norte,Beatriz Lima,2024-05-10,09:41,Suporte Técnico,09:51,Finalizado,TI,Manhã
Loja Norte,Beatriz Lima,2024-03-20,10:59,Financeiro,11:30,Cancelado,Administrativo,Manhã
Loja Oeste,Ricardo Silva,2024-01-30,13:02,Troca,13:37,Finalizado,Logística,Tarde
Loja Sul,Felipe Oliveira,2024-01-17,20:06,Vendas,20:48,Em Aberto,Comercial,Noite
Loja Norte,Carlos Souza,2024-05-13,16:05,Vendas,16:17,Finalizado,Comercial,Tarde
Loja Leste,Juliana Santos,2024-01-11,09:13,Suporte Técnico,09:27,Cancelado,TI,Manhã
Loja Sul,Felipe Oliveira,2024-02-02,08:20,Troca,09:06,Em Aberto,Logística,Manhã
Loja Sul,Felipe Oliveira,2024-03-04,17:22,Reclamação,18:01,Em Aberto,SAC,Tarde
Loja Leste,Felipe Oliveira,2024-01-25,15:53,Vendas,16:36,Em Aberto,Comercial,Tarde
Express Oeste,Carlos Souza,2024-01-18,18:34,Suporte Técnico,19:29,Cancelado,TI,Noite
Noroeste,Beatriz Lima,2024-05-11,08:41,Financeiro,09:20,Finalizado,Administrativo,Manhã
Loja Sul,Felipe Oliveira,2024-03-02,16:24,Suporte Técnico,17:22,Em Aberto,TI,Tarde
Loja Norte,Ricardo Silva,2024-03-04,10:36,Financeiro,11:22,Cancelado,Administrativo,Manhã
Express Oeste,Amanda Costa,2024-04-20,15:38,Troca,16:01,Cancelado,Logística,Tarde
Loja Norte,Juliana Santos,2024-02-23,14:37,Suporte Técnico,15:13,Finalizado,TI,Tarde
Nordeste,Amanda Costa,2024-01-16,12:35,Vendas,13:14,Cancelado,Comercial,Tarde
Express Sul,Carlos Souza,2024-01-24,08:27,Troca,09:06,Cancelado,Logística,Manhã
Centro-Oesto,Beatriz Lima,2024-01-28,18:49,Suporte Técnico,19:15,Em Aberto,TI,Noite
Express Sul,Juliana Santos,2024-04-15,13:32,Reclamação,14:28,Finalizado,SAC,Tarde
Centro-Sul,Carlos Souza,2024-03-25,19:57,Financeiro,20:52,Cancelado,Administrativo,Noite
Nordeste,Felipe Oliveira,2024-01-09,10:02,Troca,10:56,Finalizado,Logística,Manhã
Sul ao Norte,Felipe Oliveira,2024-02-22,08:08,Vendas,08:50,Em Aberto,Comercial,Manhã
Loja Leste,Beatriz Lima,2024-04-25,09:46,Troca,10:36,Cancelado,Logística,Manhã
Loja Sul,Amanda Costa,2024-02-02,19:46,Suporte Técnico,20:42,Cancelado,TI,Noite
Loja Matriz,Beatriz Lima,2024-03-10,14:30,Financeiro,15:03,Em Aberto,Administrativo,Tarde
Express Sul,Juliana Santos,2024-02-11,17:21,Reclamação,17:47,Em Aberto,SAC,Tarde
Sul ao Norte,Felipe Oliveira,2024-02-10,10:53,Vendas,11:40,Cancelado,Comercial,Manhã
Express Oeste,Ricardo Silva,2024-02-27,21:49,Financeiro,22:12,Cancelado,Administrativo,Noite
Nordeste,Felipe Oliveira,2024-02-03,09:11,Vendas,09:55,Finalizado,Comercial,Manhã
Loja Norte,Ricardo Silva,2024-03-24,13:36,Financeiro,14:25,Cancelado,Administrativo,Tarde
Express Sul,Beatriz Lima,2024-04-05,20:47,Financeiro,21:37,Cancelado,Administrativo,Noite
Centro-Oesto,Amanda Costa,2024-05-17,18:36,Suporte Técnico,19:13,Cancelado,TI,Noite
Loja Sul,Beatriz Lima,2024-01-31,21:19,Troca,21:32,Finalizado,Logística,Noite
Loja Sul,Amanda Costa,2024-02-05,10:22,Vendas,10:46,Cancelado,Comercial,Manhã
Centro-Sul,Felipe Oliveira,2024-02-12,11:13,Vendas,11:43,Em Aberto,Comercial,Manhã
Nordeste,Ricardo Silva,2024-04-06,08:24,Financeiro,08:47,Finalizado,Administrativo,Manhã
Centro-Sul,Amanda Costa,2024-01-26,20:57,Troca,21:14,Cancelado,Logística,Noite
Loja Matriz,Felipe Oliveira,2024-03-31,21:57,Vendas,22:39,Em Aberto,Comercial,Noite
Noroeste,Ricardo Silva,2024-03-10,18:21,Reclamação,18:47,Em Aberto,SAC,Noite
Centro-Sul,Juliana Santos,2024-02-22,19:45,Vendas,19:58,Cancelado,Comercial,Noite
Loja Oeste,Carlos Souza,2024-01-06,08:22,Vendas,08:32,Finalizado,Comercial,Manhã
Centro-Sul,Juliana Santos,2024-02-19,14:16,Reclamação,15:11,Cancelado,SAC,Tarde
Loja Norte,Carlos Souza,2024-02-15,10:53,Suporte Técnico,11:35,Em Aberto,TI,Manhã
Centro-Oesto,Carlos Souza,2024-04-06,18:45,Troca,19:09,Cancelado,Logística,Noite
Express Sul,Ricardo Silva,2024-05-27,10:54,Reclamação,11:28,Cancelado,SAC,Manhã
Loja Oeste,Carlos Souza,2024-05-13,11:48,Troca,12:45,Cancelado,Logística,Manhã
Nordeste,Juliana Santos,2024-01-08,14:33,Suporte Técnico,15:16,Em Aberto,TI,Tarde
Noroeste,Amanda Costa,2024-03-18,13:13,Vendas,13:49,Finalizado,Comercial,Tarde
Loja Matriz,Felipe Oliveira,2024-05-21,21:48,Troca,22:26,Em Aberto,Logística,Noite
Noroeste,Ricardo Silva,2024-05-06,10:59,Vendas,11:56,Cancelado,Comercial,Manhã
Loja Leste,Amanda Costa,2024-01-27,09:26,Reclamação,10:22,Em Aberto,SAC,Manhã
Centro-Oesto,Beatriz Lima,2024-02-19,17:51,Reclamação,18:30,Finalizado,SAC,Tarde
Loja Oeste,Ricardo Silva,2024-03-27,09:09,Troca,09:47,Em Aberto,Logística,Manhã
Loja Matriz,Ricardo Silva,2024-01-07,08:49,Suporte Técnico,09:43,Cancelado,TI,Manhã
Nordeste,Amanda Costa,2024-01-12,21:23,Troca,21:53,Em Aberto,Logística,Noite
Loja Leste,Ricardo Silva,2024-02-25,12:14,Financeiro,12:52,Em Aberto,Administrativo,Tarde
Loja Oeste,Amanda Costa,2024-03-02,16:09,Suporte Técnico,16:32,Cancelado,TI,Tarde
Express Sul,Beatriz Lima,2024-02-28,11:24,Troca,11:41,Em Aberto,Logística,Manhã
Loja Norte,Amanda Costa,2024-01-12,16:36,Vendas,17:07,Cancelado,Comercial,Tarde
Nordeste,Beatriz Lima,2024-02-11,21:43,Suporte Técnico,22:25,Finalizado,TI,Noite
Loja Leste,Felipe Oliveira,2024-02-14,11:16,Vendas,11:45,Em Aberto,Comercial,Manhã
Centro-Oesto,Juliana Santos,2024-03-24,15:43,Troca,16:06,Finalizado,Logística,Tarde
Loja Sul,Carlos Souza,2024-02-02,11:30,Financeiro,12:17,Finalizado,Administrativo,Manhã
Loja Oeste,Juliana Santos,2024-03-31,09:12,Suporte Técnico,10:09,Finalizado,TI,Manhã
Sul ao Norte,Amanda Costa,2024-01-24,14:56,Reclamação,15:20,Finalizado,SAC,Tarde
Noroeste,Beatriz Lima,2024-01-22,21:14,Financeiro,21:48,Em Aberto,Administrativo,Noite
Noroeste,Amanda Costa,2024-04-04,14:19,Troca,14:40,Em Aberto,Logística,Tarde
Nordeste,Carlos Souza,2024-04-15,15:53,Suporte Técnico,16:30,Cancelado,TI,Tarde
Sul ao Norte,Felipe Oliveira,2024-04-22,09:24,Suporte Técnico,10:03,Em Aberto,TI,Manhã
Express Oeste,Ricardo Silva,2024-04-27,19:53,Financeiro,20:53,Em Aberto,Administrativo,Noite
Noroeste,Amanda Costa,2024-01-31,21:05,Suporte Técnico,21:28,Finalizado,TI,Noite
Loja Leste,Ricardo Silva,2024-05-21,21:15,Troca,22:05,Em Aberto,Logística,Noite
Loja Oeste,Beatriz Lima,2024-04-17,14:32,Financeiro,14:44,Em Aberto,Administrativo,Tarde
Loja Matriz,Amanda Costa,2024-02-16,14:12,Reclamação,14:31,Cancelado,SAC,Tarde
Nordeste,Carlos Souza,2024-01-31,12:05,Troca,13:05,Em Aberto,Logística,Tarde
Express Sul,Felipe Oliveira,2024-01-02,18:36,Reclamação,19:34,Em Aberto,SAC,Noite
Centro-Oesto,Beatriz Lima,2024-01-28,17:39,Troca,18:14,Em Aberto,Logística,Tarde
Loja Matriz,Beatriz Lima,2024-02-18,20:24,Troca,21:17,Em Aberto,Logística,Noite
Express Oeste,Ricardo Silva,2024-01-11,08:40,Reclamação,09:04,Finalizado,SAC,Manhã
Express Oeste,Amanda Costa,2024-03-24,15:49,Suporte Técnico,16:01,Finalizado,TI,Tarde
Centro-Sul,Ricardo Silva,2024-02-22,12:11,Reclamação,13:08,Em Aberto,SAC,Tarde
Loja Oeste,Amanda Costa,2024-05-04,14:08,Suporte Técnico,14:47,Cancelado,TI,Tarde
Nordeste,Amanda Costa,2024-04-23,19:34,Suporte Técnico,20:15,Cancelado,TI,Noite
Sul ao Norte,Felipe Oliveira,2024-02-12,19:29,Suporte Técnico,20:02,Em Aberto,TI,Noite
Loja Oeste,Carlos Souza,2024-05-13,11:21,Vendas,11:41,Cancelado,Comercial,Manhã
Loja Sul,Beatriz Lima,2024-05-07,18:10,Suporte Técnico,18:36,Cancelado,TI,Noite
Nordeste,Felipe Oliveira,2024-04-22,14:51,Troca,15:31,Em Aberto,Logística,Tarde
Express Sul,Beatriz Lima,2024-04-22,12:36,Financeiro,12:51,Em Aberto,Administrativo,Tarde
Express Sul,Amanda Costa,2024-01-16,08:07,Vendas,08:35,Cancelado,Comercial,Manhã
Nordeste,Felipe Oliveira,2024-01-04,17:37,Troca,18:17,Em Aberto,Logística,Tarde
Loja Norte,Ricardo Silva,2024-03-27,20:05,Vendas,21:01,Cancelado,Comercial,Noite
Loja Sul,Felipe Oliveira,2024-01-12,08:56,Troca,09:44,Em Aberto,Logística,Manhã
Centro-Oesto,Carlos Souza,2024-02-24,08:04,Troca,08:54,Finalizado,Logística,Manhã
Loja Norte,Amanda Costa,2024-01-07,12:18,Troca,13:01,Finalizado,Logística,Tarde
Centro-Oesto,Beatriz Lima,2024-03-02,12:42,Troca,13:03,Finalizado,Logística,Tarde
Loja Matriz,Juliana Santos,2024-01-20,16:24,Reclamação,17:23,Em Aberto,SAC,Tarde
Sul ao Norte,Ricardo Silva,2024-01-12,13:31,Financeiro,13:59,Em Aberto,Administrativo,Tarde
Loja Sul,Carlos Souza,2024-01-21,12:36,Troca,12:59,Em Aberto,Logística,Tarde
Loja Leste,Carlos Souza,2024-03-05,08:03,Reclamação,08:51,Finalizado,SAC,Manhã
Centro-Oesto,Carlos Souza,2024-03-05,10:22,Troca,11:10,Cancelado,Logística,Manhã
Noroeste,Amanda Costa,2024-03-01,16:34,Vendas,16:55,Em Aberto,Comercial,Tarde
Loja Matriz,Carlos Souza,2024-04-14,16:51,Troca,17:25,Cancelado,Logística,Tarde
Loja Matriz,Beatriz Lima,2024-01-24,10:42,Vendas,11:03,Finalizado,Comercial,Manhã
Nordeste,Amanda Costa,2024-05-12,18:55,Suporte Técnico,19:27,Em Aberto,TI,Noite
Centro-Oesto,Ricardo Silva,2024-05-30,11:41,Vendas,12:39,Em Aberto,Comercial,Manhã
Express Sul,Beatriz Lima,2024-03-10,18:54,Troca,19:17,Cancelado,Logística,Noite
Express Sul,Carlos Souza,2024-03-20,10:27,Reclamação,10:59,Finalizado,SAC,Manhã
Loja Matriz,Juliana Santos,2024-05-24,16:40,Reclamação,17:25,Cancelado,SAC,Tarde
Nordeste,Amanda Costa,2024-04-23,15:40,Financeiro,16:35,Cancelado,Administrativo,Tarde
Express Oeste,Ricardo Silva,2024-01-04,16:45,Suporte Técnico,17:45,Finalizado,TI,Tarde
Nordeste,Amanda Costa,2024-03-24,17:38,Vendas,17:58,Em Aberto,Comercial,Tarde
Nordeste,Carlos Souza,2024-01-20,13:04,Troca,13:33,Finalizado,Logística,Tarde
Centro-Oesto,Amanda Costa,2024-05-14,15:29,Troca,16:24,Cancelado,Logística,Tarde
Sul ao Norte,Ricardo Silva,2024-05-17,15:58,Reclamação,16:36,Finalizado,SAC,Tarde
Loja Leste,Ricardo Silva,2024-01-03,15:58,Suporte Técnico,16:57,Finalizado,TI,Tarde
Loja Oeste,Beatriz Lima,2024-01-21,20:39,Vendas,21:06,Em Aberto,Comercial,Noite
Loja Oeste,Beatriz Lima,2024-05-14,15:16,Financeiro,16:14,Cancelado,Administrativo,Tarde
Sul ao Norte,Carlos Souza,2024-05-15,12:36,Troca,13:02,Finalizado,Logística,Tarde
Loja Norte,Ricardo Silva,2024-01-04,18:16,Financeiro,18:55,Em Aberto,Administrativo,Noite
Loja Leste,Amanda Costa,2024-02-18,16:12,Vendas,16:49,Em Aberto,Comercial,Tarde
Centro-Sul,Beatriz Lima,2024-02-15,08:44,Vendas,09:09,Finalizado,Comercial,Manhã
Loja Matriz,Beatriz Lima,2024-05-03,18:31,Vendas,18:52,Finalizado,Comercial,Noite
Express Oeste,Carlos Souza,2024-03-08,13:33,Reclamação,13:45,Em Aberto,SAC,Tarde
Nordeste,Carlos Souza,2024-01-04,16:06,Suporte Técnico,16:19,Cancelado,TI,Tarde
Express Sul,Carlos Souza,2024-04-09,09:31,Vendas,10:08,Em Aberto,Comercial,Manhã
Sul ao Norte,Ricardo Silva,2024-03-16,13:23,Financeiro,14:17,Finalizado,Administrativo,Tarde
Express Oeste,Amanda Costa,2024-02-25,13:23,Financeiro,14:16,Em Aberto,Administrativo,Tarde
Express Oeste,Carlos Souza,2024-05-04,08:38,Financeiro,09:20,Finalizado,Administrativo,Manhã
Loja Sul,Beatriz Lima,2024-01-10,13:16,Suporte Técnico,14:00,Em Aberto,TI,Tarde
Noroeste,Beatriz Lima,2024-05-08,13:12,Suporte Técnico,13:56,Finalizado,TI,Tarde
Sul ao Norte,Juliana Santos,2024-01-10,08:21,Suporte Técnico,09:18,Em Aberto,TI,Manhã
Centro-Oesto,Ricardo Silva,2024-02-22,12:29,Troca,13:08,Em Aberto,Logística,Tarde
Centro-Sul,Ricardo Silva,2024-01-26,19:38,Reclamação,20:33,Cancelado,SAC,Noite
Express Sul,Beatriz Lima,2024-04-20,08:05,Troca,08:17,Cancelado,Logística,Manhã
Loja Leste,Felipe Oliveira,2024-02-21,15:25,Suporte Técnico,16:06,Em Aberto,TI,Tarde
Loja Matriz,Carlos Souza,2024-02-14,08:00,Troca,08:19,Cancelado,Logística,Manhã
Centro-Oesto,Juliana Santos,2024-01-19,20:33,Troca,20:52,Finalizado,Logística,Noite
Express Sul,Carlos Souza,2024-03-20,09:20,Reclamação,10:17,Finalizado,SAC,Manhã
Nordeste,Juliana Santos,2024-04-18,20:24,Troca,20:43,Cancelado,Logística,Noite
Loja Norte,Felipe Oliveira,2024-03-27,10:55,Reclamação,11:38,Em Aberto,SAC,Manhã
Nordeste,Beatriz Lima,2024-04-30,19:53,Vendas,20:08,Em Aberto,Comercial,Noite
Loja Norte,Ricardo Silva,2024-03-30,11:55,Reclamação,12:34,Cancelado,SAC,Manhã
Express Oeste,Ricardo Silva,2024-05-22,12:23,Vendas,12:54,Em Aberto,Comercial,Tarde
Loja Matriz,Felipe Oliveira,2024-04-11,19:54,Troca,20:27,Em Aberto,Logística,Noite
Loja Oeste,Amanda Costa,2024-02-14,13:05,Reclamação,13:25,Em Aberto,SAC,Tarde
Nordeste,Ricardo Silva,2024-01-02,14:18,Suporte Técnico,14:41,Em Aberto,TI,Tarde
Loja Sul,Amanda Costa,2024-05-04,12:04,Reclamação,12:46,Cancelado,SAC,Tarde
Loja Matriz,Felipe Oliveira,2024-05-03,08:55,Financeiro,09:41,Em Aberto,Administrativo,Manhã
Noroeste,Ricardo Silva,2024-04-21,08:17,Suporte Técnico,08:49,Finalizado,TI,Manhã
Nordeste,Felipe Oliveira,2024-04-14,18:41,Suporte Técnico,19:08,Em Aberto,TI,Noite
Nordeste,Ricardo Silva,2024-03-24,18:02,Financeiro,18:18,Cancelado,Administrativo,Noite
Noroeste,Carlos Souza,2024-01-28,21:28,Suporte Técnico,22:22,Em Aberto,TI,Noite
Centro-Oesto,Carlos Souza,2024-05-18,13:11,Suporte Técnico,14:00,Finalizado,TI,Tarde
Noroeste,Felipe Oliveira,2024-02-23,21:04,Reclamação,21:41,Em Aberto,SAC,Noite
Express Sul,Juliana Santos,2024-04-20,18:54,Financeiro,19:45,Cancelado,Administrativo,Noite
Noroeste,Beatriz Lima,2024-03-05,13:39,Reclamação,14:18,Finalizado,SAC,Tarde
Loja Oeste,Amanda Costa,2024-03-30,11:25,Financeiro,11:59,Cancelado,Administrativo,Manhã
Loja Oeste,Carlos Souza,2024-05-21,17:29,Suporte Técnico,17:54,Cancelado,TI,Tarde
Centro-Sul,Amanda Costa,2024-01-18,13:41,Suporte Técnico,14:37,Cancelado,TI,Tarde
Express Sul,Beatriz Lima,2024-03-15,20:36,Reclamação,21:29,Finalizado,SAC,Noite
Loja Oeste,Beatriz Lima,2024-01-21,17:31,Reclamação,18:11,Finalizado,SAC,Tarde
Loja Sul,Carlos Souza,2024-03-18,18:01,Vendas,18:44,Em Aberto,Comercial,Noite
Loja Oeste,Carlos Souza,2024-04-30,17:10,Vendas,17:34,Em Aberto,Comercial,Tarde
Sul ao Norte,Juliana Santos,2024-03-26,14:35,Reclamação,14:54,Finalizado,SAC,Tarde
Loja Norte,Felipe Oliveira,2024-03-04,17:23,Reclamação,18:06,Em Aberto,SAC,Tarde
Sul ao Norte,Beatriz Lima,2024-04-28,13:33,Financeiro,13:53,Finalizado,Administrativo,Tarde
Loja Matriz,Carlos Souza,2024-04-29,10:28,Troca,11:17,Cancelado,Logística,Manhã
Loja Norte,Juliana Santos,2024-02-17,13:12,Troca,13:29,Em Aberto,Logística,Tarde
Loja Oeste,Beatriz Lima,2024-05-14,20:57,Reclamação,21:42,Em Aberto,SAC,Noite
Loja Sul,Amanda Costa,2024-03-26,16:03,Troca,16:39,Em Aberto,Logística,Tarde
Express Sul,Carlos Souza,2024-01-23,12:52,Reclamação,13:30,Em Aberto,SAC,Tarde
Noroeste,Felipe Oliveira,2024-03-20,18:55,Reclamação,19:50,Cancelado,SAC,Noite
Loja Matriz,Juliana Santos,2024-03-15,21:57,Troca,22:48,Em Aberto,Logística,Noite
Noroeste,Amanda Costa,2024-03-20,17:15,Financeiro,17:45,Em Aberto,Administrativo,Tarde
Noroeste,Felipe Oliveira,2024-05-27,15:02,Troca,15:15,Em Aberto,Logística,Tarde
Nordeste,Ricardo Silva,2024-01-20,20:03,Financeiro,20:16,Em Aberto,Administrativo,Noite
Loja Oeste,Beatriz Lima,2024-01-10,20:37,Vendas,21:17,Finalizado,Comercial,Noite
Loja Sul,Juliana Santos,2024-02-23,15:17,Troca,16:02,Finalizado,Logística,Tarde
Centro-Sul,Ricardo Silva,2024-03-04,16:51,Troca,17:34,Finalizado,Logística,Tarde
Express Oeste,Felipe Oliveira,2024-05-06,20:26,Suporte Técnico,20:37,Em Aberto,TI,Noite
Express Sul,Juliana Santos,2024-05-01,10:33,Troca,10:57,Em Aberto,Logística,Manhã
Centro-Sul,Carlos Souza,2024-05-22,08:33,Financeiro,09:12,Finalizado,Administrativo,Manhã
Noroeste,Carlos Souza,2024-01-16,08:01,Suporte Técnico,08:24,Cancelado,TI,Manhã
Centro-Oesto,Beatriz Lima,2024-03-13,10:04,Suporte Técnico,10:14,Em Aberto,TI,Manhã
Nordeste,Ricardo Silva,2024-04-12,20:44,Reclamação,21:33,Finalizado,SAC,Noite
Noroeste,Beatriz Lima,2024-04-22,08:32,Financeiro,09:07,Finalizado,Administrativo,Manhã
Centro-Sul,Beatriz Lima,2024-02-05,14:49,Suporte Técnico,15:04,Em Aberto,TI,Tarde
Loja Leste,Ricardo Silva,2024-04-01,10:53,Financeiro,11:46,Em Aberto,Administrativo,Manhã
Express Oeste,Beatriz Lima,2024-02-09,11:13,Financeiro,11:36,Em Aberto,Administrativo,Manhã
Loja Leste,Beatriz Lima,2024-05-05,21:31,Vendas,21:44,Cancelado,Comercial,Noite
Centro-Oesto,Carlos Souza,2024-03-26,15:16,Financeiro,15:34,Finalizado,Administrativo,Tarde
Noroeste,Beatriz Lima,2024-02-05,16:03,Vendas,16:52,Em Aberto,Comercial,Tarde
Express Sul,Amanda Costa,2024-04-04,18:24,Troca,18:49,Cancelado,Logística,Noite
Loja Matriz,Felipe Oliveira,2024-04-19,15:52,Troca,16:11,Em Aberto,Logística,Tarde
Centro-Sul,Carlos Souza,2024-02-15,10:19,Troca,10:29,Em Aberto,Logística,Manhã
Nordeste,Felipe Oliveira,2024-05-27,19:20,Financeiro,19:33,Em Aberto,Administrativo,Noite
Centro-Oesto,Amanda Costa,2024-02-19,13:32,Vendas,13:51,Finalizado,Comercial,Tarde
Loja Sul,Beatriz Lima,2024-01-09,19:03,Troca,20:00,Finalizado,Logística,Noite
Nordeste,Amanda Costa,2024-03-24,18:41,Troca,19:08,Em Aberto,Logística,Noite
Loja Matriz,Juliana Santos,2024-01-13,10:08,Suporte Técnico,11:01,Finalizado,TI,Manhã
Centro-Oesto,Juliana Santos,2024-02-25,11:04,Reclamação,11:46,Em Aberto,SAC,Manhã
Loja Sul,Felipe Oliveira,2024-02-01,19:57,Vendas,20:14,Em Aberto,Comercial,Noite
Centro-Sul,Beatriz Lima,2024-01-23,18:56,Vendas,19:34,Finalizado,Comercial,Noite
Express Sul,Beatriz Lima,2024-01-07,13:52,Financeiro,14:31,Em Aberto,Administrativo,Tarde
Nordeste,Felipe Oliveira,2024-03-29,14:38,Suporte Técnico,15:21,Em Aberto,TI,Tarde
Loja Oeste,Carlos Souza,2024-05-09,21:31,Troca,22:04,Cancelado,Logística,Noite
Noroeste,Felipe Oliveira,2024-03-03,20:09,Financeiro,20:57,Em Aberto,Administrativo,Noite
Centro-Oesto,Beatriz Lima,2024-04-03,17:40,Suporte Técnico,18:40,Cancelado,TI,Tarde
Loja Norte,Ricardo Silva,2024-01-13,21:03,Troca,21:28,Em Aberto,Logística,Noite
